i,j,x,y
1,1,1521,1136
1,2,1395,1085
1,3,1297,981
1,4,1234,888
1,5,1168,812
1,6,1403,769
1,7,1371,596
1,8,1366,496
1,9,1370,423
1,10,1506,776
1,11,1506,565
1,12,1441,493
1,13,1374,471
1,14,1586,833
1,15,1477,684
1,16,1315,712
1,17,1199,760
1,18,1633,928
1,19,1463,905
1,20,1322,948
1,21,1224,992
2,1,1507,1175
2,2,1379,1122
2,3,1277,1005
2,4,1210,901
2,5,1148,800
2,6,1395,793
2,7,1377,614
2,8,1363,510
2,9,1359,422
2,10,1491,801
2,11,1477,615
2,12,1385,586
2,13,1297,598
2,14,1571,849
2,15,1474,698
2,16,1316,725
2,17,1196,768
2,18,1632,932
2,19,1464,903
2,20,1327,961
2,21,1231,1013
3,1,1521,1167
3,2,1387,1118
3,3,1281,1009
3,4,1208,908
3,5,1148,807
3,6,1393,786
3,7,1376,612
3,8,1365,510
3,9,1368,425
3,10,1490,788
3,11,1478,585
3,12,1403,517
3,13,1337,483
3,14,1571,833
3,15,1464,691
3,16,1304,727
3,17,1190,772
3,18,1631,915
3,19,1458,900
3,20,1324,957
3,21,1234,1004
4,1,1498,1170
4,2,1377,1120
4,3,1277,1008
4,4,1207,909
4,5,1147,804
4,6,1395,782
4,7,1374,611
4,8,1356,517
4,9,1351,440
4,10,1491,788
4,11,1502,579
4,12,1442,500
4,13,1376,460
4,14,1572,837
4,15,1461,696
4,16,1299,737
4,17,1181,784
4,18,1629,922
4,19,1459,897
4,20,1326,957
4,21,1236,1009
5,1,1516,1180
5,2,1378,1121
5,3,1275,1007
5,4,1208,905
5,5,1148,800
5,6,1400,786
5,7,1376,614
5,8,1360,511
5,9,1354,428
5,10,1498,792
5,11,1500,594
5,12,1424,550
5,13,1344,554
5,14,1580,840
5,15,1472,700
5,16,1311,734
5,17,1192,784
5,18,1639,925
5,19,1467,904
5,20,1326,962
5,21,1226,1015
6,1,1525,1183
6,2,1388,1128
6,3,1282,1014
6,4,1208,912
6,5,1144,809
6,6,1396,796
6,7,1370,626
6,8,1352,528
6,9,1352,443
6,10,1493,796
6,11,1495,582
6,12,1430,496
6,13,1367,443
6,14,1576,841
6,15,1465,692
6,16,1304,728
6,17,1188,773
6,18,1636,922
6,19,1459,901
6,20,1322,962
6,21,1228,1013
7,1,1508,1178
7,2,1380,1121
7,3,1278,1007
7,4,1206,908
7,5,1148,807
7,6,1394,781
7,7,1369,607
7,8,1351,515
7,9,1347,441
7,10,1491,786
7,11,1504,574
7,12,1445,495
7,13,1382,456
7,14,1572,835
7,15,1462,692
7,16,1303,735
7,17,1188,788
7,18,1630,921
7,19,1455,904
7,20,1318,967
7,21,1227,1019
8,1,1509,1195
8,2,1375,1132
8,3,1275,1012
8,4,1207,907
8,5,1149,800
8,6,1400,789
8,7,1372,617
8,8,1356,515
8,9,1348,432
8,10,1496,795
8,11,1502,588
8,12,1433,530
8,13,1358,520
8,14,1578,842
8,15,1470,701
8,16,1312,738
8,17,1195,789
8,18,1639,925
8,19,1468,902
8,20,1327,963
8,21,1228,1018
9,1,1514,1202
9,2,1379,1135
9,3,1278,1016
9,4,1209,912
9,5,1148,809
9,6,1405,793
9,7,1378,623
9,8,1356,525
9,9,1347,442
9,10,1499,798
9,11,1486,589
9,12,1416,516
9,13,1349,478
9,14,1580,843
9,15,1467,693
9,16,1304,729
9,17,1182,777
9,18,1640,924
9,19,1464,900
9,20,1325,958
9,21,1229,1010
10,1,1519,1211
10,2,1382,1144
10,3,1281,1021
10,4,1210,914
10,5,1147,808
10,6,1408,797
10,7,1383,624
10,8,1362,522
10,9,1354,437
10,10,1501,804
10,11,1482,597
10,12,1403,536
10,13,1328,510
10,14,1581,847
10,15,1471,691
10,16,1308,726
10,17,1188,775
10,18,1643,926
10,19,1466,898
10,20,1326,954
10,21,1229,1005
11,1,1503,1205
11,2,1371,1137
11,3,1277,1015
11,4,1210,909
11,5,1150,805
11,6,1399,798
11,7,1375,626
11,8,1360,526
11,9,1361,440
11,10,1494,804
11,11,1476,593
11,12,1405,514
11,13,1342,466
11,14,1576,847
11,15,1473,683
11,16,1308,719
11,17,1187,768
11,18,1638,924
11,19,1462,886
11,20,1326,944
11,21,1234,996
12,1,1511,1212
12,2,1377,1142
12,3,1278,1017
12,4,1209,909
12,5,1148,805
12,6,1405,799
12,7,1379,627
12,8,1362,525
12,9,1361,439
12,10,1500,804
12,11,1478,594
12,12,1407,515
12,13,1343,470
12,14,1581,847
12,15,1472,686
12,16,1306,721
12,17,1183,769
12,18,1640,925
12,19,1464,893
12,20,1324,948
12,21,1228,999
13,1,1508,1204
13,2,1375,1133
13,3,1279,1011
13,4,1210,907
13,5,1150,805
13,6,1405,793
13,7,1378,622
13,8,1361,523
13,9,1360,438
13,10,1499,799
13,11,1481,586
13,12,1409,508
13,13,1345,463
13,14,1581,844
13,15,1473,683
13,16,1306,721
13,17,1183,771
13,18,1641,925
13,19,1465,891
13,20,1326,947
13,21,1232,998
14,1,1510,1215
14,2,1375,1142
14,3,1277,1017
14,4,1207,909
14,5,1146,804
14,6,1411,800
14,7,1378,633
14,8,1351,534
14,9,1335,451
14,10,1503,805
14,11,1493,589
14,12,1429,503
14,13,1366,455
14,14,1584,849
14,15,1472,688
14,16,1309,724
14,17,1188,773
14,18,1645,927
14,19,1471,892
14,20,1331,947
14,21,1236,997
15,1,1502,1206
15,2,1368,1129
15,3,1274,1006
15,4,1205,902
15,5,1144,802
15,6,1411,793
15,7,1382,625
15,8,1356,528
15,9,1342,447
15,10,1504,799
15,11,1491,584
15,12,1427,493
15,13,1366,437
15,14,1584,843
15,15,1473,681
15,16,1307,718
15,17,1185,769
15,18,1642,922
15,19,1463,890
15,20,1324,948
15,21,1231,1002
16,1,1515,1210
16,2,1373,1142
16,3,1273,1016
16,4,1207,908
16,5,1144,802
16,6,1404,794
16,7,1372,626
16,8,1351,527
16,9,1341,445
16,10,1499,798
16,11,1495,588
16,12,1438,510
16,13,1377,472
16,14,1581,843
16,15,1472,688
16,16,1313,725
16,17,1193,777
16,18,1642,924
16,19,1468,897
16,20,1328,956
16,21,1230,1010
17,1,1507,1207
17,2,1375,1132
17,3,1278,1012
17,4,1208,909
17,5,1149,806
17,6,1408,794
17,7,1381,624
17,8,1358,527
17,9,1349,445
17,10,1501,802
17,11,1489,586
17,12,1423,499
17,13,1359,448
17,14,1582,846
17,15,1471,686
17,16,1306,723
17,17,1187,773
17,18,1643,925
17,19,1467,890
17,20,1329,947
17,21,1237,999
18,1,1515,1210
18,2,1378,1135
18,3,1277,1013
18,4,1208,908
18,5,1146,803
18,6,1412,792
18,7,1385,624
18,8,1358,526
18,9,1340,446
18,10,1504,800
18,11,1497,587
18,12,1432,508
18,13,1365,467
18,14,1583,845
18,15,1474,688
18,16,1312,722
18,17,1192,770
18,18,1642,926
18,19,1468,894
18,20,1330,949
18,21,1234,999
19,1,1512,1207
19,2,1375,1133
19,3,1277,1011
19,4,1206,907
19,5,1144,807
19,6,1407,794
19,7,1376,624
19,8,1353,526
19,9,1345,442
19,10,1501,801
19,11,1490,581
19,12,1425,495
19,13,1362,446
19,14,1582,845
19,15,1470,684
19,16,1307,722
19,17,1188,775
19,18,1643,923
19,19,1467,891
19,20,1329,949
19,21,1236,1003
20,1,1510,1206
20,2,1374,1132
20,3,1275,1009
20,4,1204,904
20,5,1143,803
20,6,1411,791
20,7,1382,620
20,8,1359,521
20,9,1345,440
20,10,1504,800
20,11,1494,585
20,12,1426,519
20,13,1358,492
20,14,1585,843
20,15,1471,684
20,16,1306,725
20,17,1185,780
20,18,1646,921
20,19,1470,891
20,20,1331,949
20,21,1237,1001
21,1,1513,1212
21,2,1375,1137
21,3,1276,1014
21,4,1206,907
21,5,1148,802
21,6,1411,795
21,7,1382,625
21,8,1357,526
21,9,1342,443
21,10,1503,802
21,11,1497,588
21,12,1435,508
21,13,1372,465
21,14,1582,846
21,15,1474,686
21,16,1314,720
21,17,1195,769
21,18,1642,924
21,19,1469,891
21,20,1331,945
21,21,1236,995
22,1,1514,1201
22,2,1377,1127
22,3,1279,1005
22,4,1208,902
22,5,1144,804
22,6,1407,792
22,7,1377,624
22,8,1355,527
22,9,1347,445
22,10,1501,797
22,11,1488,581
22,12,1424,490
22,13,1363,434
22,14,1581,840
22,15,1471,678
22,16,1306,715
22,17,1185,765
22,18,1641,918
22,19,1463,887
22,20,1325,945
22,21,1233,999
23,1,1512,1202
23,2,1378,1131
23,3,1278,1009
23,4,1207,905
23,5,1146,802
23,6,1409,790
23,7,1378,623
23,8,1354,526
23,9,1342,445
23,10,1502,796
23,11,1502,580
23,12,1440,501
23,13,1377,462
23,14,1582,841
23,15,1472,684
23,16,1308,724
23,17,1189,776
23,18,1643,921
23,19,1470,891
23,20,1332,950
23,21,1240,1003
24,1,1513,1207
24,2,1378,1136
24,3,1278,1012
24,4,1209,907
24,5,1146,804
24,6,1411,794
24,7,1382,623
24,8,1359,523
24,9,1347,439
24,10,1503,800
24,11,1493,585
24,12,1427,513
24,13,1361,480
24,14,1584,843
24,15,1472,683
24,16,1308,724
24,17,1188,779
24,18,1645,921
24,19,1470,891
24,20,1330,950
24,21,1237,1004
25,1,1518,1206
25,2,1379,1131
25,3,1279,1009
25,4,1207,904
25,5,1144,802
25,6,1411,796
25,7,1381,629
25,8,1354,533
25,9,1338,451
25,10,1504,800
25,11,1494,583
25,12,1433,497
25,13,1371,450
25,14,1583,842
25,15,1471,681
25,16,1311,717
25,17,1193,768
25,18,1643,918
25,19,1466,888
25,20,1328,946
25,21,1236,1001
26,1,1517,1206
26,2,1382,1132
26,3,1282,1010
26,4,1209,906
26,5,1146,804
26,6,1412,796
26,7,1382,625
26,8,1355,529
26,9,1339,448
26,10,1504,801
26,11,1501,581
26,12,1435,498
26,13,1368,456
26,14,1585,844
26,15,1470,683
26,16,1305,721
26,17,1186,774
26,18,1645,920
26,19,1471,887
26,20,1333,945
26,21,1239,998
27,1,1519,1208
27,2,1382,1137
27,3,1281,1014
27,4,1209,907
27,5,1146,805
27,6,1411,795
27,7,1377,627
27,8,1352,529
27,9,1338,447
27,10,1504,800
27,11,1498,580
27,12,1435,500
27,13,1371,460
27,14,1585,843
27,15,1472,682
27,16,1307,722
27,17,1188,776
27,18,1645,921
27,19,1470,888
27,20,1331,946
27,21,1237,1000
28,1,1519,1208
28,2,1382,1134
28,3,1282,1011
28,4,1210,906
28,5,1145,806
28,6,1413,795
28,7,1381,626
28,8,1354,530
28,9,1339,451
28,10,1505,801
28,11,1499,581
28,12,1437,497
28,13,1374,451
28,14,1584,843
28,15,1472,681
28,16,1307,721
28,17,1188,774
28,18,1644,920
28,19,1468,886
28,20,1329,945
28,21,1237,998
29,1,1521,1206
29,2,1384,1135
29,3,1283,1012
29,4,1210,906
29,5,1145,807
29,6,1410,796
29,7,1375,629
29,8,1349,534
29,9,1335,454
29,10,1502,799
29,11,1495,579
29,12,1433,492
29,13,1371,443
29,14,1583,841
29,15,1472,679
29,16,1308,718
29,17,1188,771
29,18,1643,918
29,19,1468,886
29,20,1330,945
29,21,1237,998
30,1,1513,1208
30,2,1378,1136
30,3,1279,1011
30,4,1209,905
30,5,1146,803
30,6,1407,795
30,7,1379,623
30,8,1354,526
30,9,1338,444
30,10,1501,801
30,11,1502,576
30,12,1434,493
30,13,1365,453
30,14,1583,843
30,15,1470,680
30,16,1305,721
30,17,1187,776
30,18,1644,920
30,19,1467,886
30,20,1328,948
30,21,1235,1004
31,1,1521,1205
31,2,1382,1133
31,3,1281,1009
31,4,1209,904
31,5,1145,802
31,6,1410,791
31,7,1376,627
31,8,1349,532
31,9,1333,453
31,10,1503,796
31,11,1500,574
31,12,1438,492
31,13,1376,450
31,14,1584,840
31,15,1471,681
31,16,1306,724
31,17,1189,780
31,18,1644,919
31,19,1469,888
31,20,1332,949
31,21,1242,1004
32,1,1515,1206
32,2,1381,1134
32,3,1283,1008
32,4,1211,903
32,5,1147,803
32,6,1411,789
32,7,1380,622
32,8,1352,527
32,9,1333,450
32,10,1503,796
32,11,1506,572
32,12,1440,491
32,13,1371,454
32,14,1583,841
32,15,1472,680
32,16,1309,724
32,17,1191,781
32,18,1642,919
32,19,1466,885
32,20,1328,947
32,21,1238,1002
33,1,1519,1207
33,2,1381,1132
33,3,1280,1008
33,4,1208,901
33,5,1147,797
33,6,1411,791
33,7,1378,625
33,8,1356,528
33,9,1344,446
33,10,1503,796
33,11,1499,578
33,12,1438,498
33,13,1377,459
33,14,1583,840
33,15,1471,682
33,16,1307,722
33,17,1188,776
33,18,1643,919
33,19,1468,887
33,20,1331,947
33,21,1240,1002
34,1,1512,1208
34,2,1376,1134
34,3,1279,1007
34,4,1210,899
34,5,1148,800
34,6,1410,792
34,7,1381,624
34,8,1353,531
34,9,1334,454
34,10,1501,799
34,11,1501,578
34,12,1435,493
34,13,1368,447
34,14,1580,841
34,15,1470,679
34,16,1307,718
34,17,1190,771
34,18,1640,918
34,19,1463,884
34,20,1325,942
34,21,1235,994
35,1,1516,1208
35,2,1377,1134
35,3,1280,1008
35,4,1210,903
35,5,1145,804
35,6,1406,793
35,7,1370,632
35,8,1343,541
35,9,1327,462
35,10,1499,796
35,11,1488,578
35,12,1428,485
35,13,1369,428
35,14,1580,838
35,15,1469,677
35,16,1307,715
35,17,1188,767
35,18,1640,916
35,19,1464,883
35,20,1328,944
35,21,1237,1001
36,1,1516,1204
36,2,1378,1132
36,3,1279,1006
36,4,1208,899
36,5,1146,799
36,6,1406,790
36,7,1372,624
36,8,1346,531
36,9,1330,454
36,10,1498,795
36,11,1498,573
36,12,1434,486
36,13,1369,440
36,14,1579,839
36,15,1468,677
36,16,1304,718
36,17,1186,770
36,18,1638,916
36,19,1461,884
36,20,1324,944
36,21,1235,996
37,1,1519,1207
37,2,1382,1137
37,3,1280,1011
37,4,1209,902
37,5,1147,800
37,6,1410,793
37,7,1376,623
37,8,1352,525
37,9,1339,444
37,10,1502,797
37,11,1504,575
37,12,1442,499
37,13,1378,467
37,14,1582,840
37,15,1472,682
37,16,1308,724
37,17,1189,779
37,18,1640,917
37,19,1464,888
37,20,1326,949
37,21,1234,1002
38,1,1514,1203
38,2,1379,1131
38,3,1280,1006
38,4,1209,900
38,5,1146,801
38,6,1407,788
38,7,1374,621
38,8,1347,529
38,9,1330,453
38,10,1500,795
38,11,1500,574
38,12,1436,491
38,13,1371,449
38,14,1580,839
38,15,1469,680
38,16,1306,722
38,17,1188,776
38,18,1640,917
38,19,1463,887
38,20,1325,948
38,21,1235,1002
39,1,1512,1208
39,2,1378,1136
39,3,1279,1011
39,4,1210,903
39,5,1149,800
39,6,1409,791
39,7,1379,624
39,8,1355,528
39,9,1340,449
39,10,1501,797
39,11,1500,580
39,12,1438,502
39,13,1375,465
39,14,1580,840
39,15,1473,683
39,16,1309,724
39,17,1190,779
39,18,1640,918
39,19,1465,888
39,20,1328,948
39,21,1237,1001
40,1,1517,1207
40,2,1377,1134
40,3,1279,1011
40,4,1210,906
40,5,1145,806
40,6,1408,794
40,7,1375,629
40,8,1349,533
40,9,1336,452
40,10,1500,798
40,11,1490,581
40,12,1429,493
40,13,1368,442
40,14,1580,839
40,15,1469,679
40,16,1308,716
40,17,1191,768
40,18,1640,916
40,19,1463,885
40,20,1326,945
40,21,1235,1002
41,1,1515,1207
41,2,1378,1135
41,3,1280,1010
41,4,1209,904
41,5,1146,803
41,6,1407,794
41,7,1377,627
41,8,1351,531
41,9,1336,451
41,10,1500,799
41,11,1496,582
41,12,1432,498
41,13,1369,452
41,14,1580,842
41,15,1470,679
41,16,1307,718
41,17,1189,770
41,18,1639,918
41,19,1461,885
41,20,1323,945
41,21,1232,1000
42,1,1513,1208
42,2,1377,1136
42,3,1279,1011
42,4,1208,905
42,5,1146,803
42,6,1407,796
42,7,1375,628
42,8,1349,531
42,9,1336,448
42,10,1499,801
42,11,1494,583
42,12,1431,496
42,13,1368,449
42,14,1579,842
42,15,1468,681
42,16,1305,717
42,17,1186,769
42,18,1638,919
42,19,1460,886
42,20,1322,946
42,21,1231,1001
43,1,1510,1204
43,2,1373,1131
43,3,1275,1008
43,4,1205,903
43,5,1144,803
43,6,1403,795
43,7,1370,629
43,8,1343,534
43,9,1328,453
43,10,1496,799
43,11,1491,581
43,12,1430,493
43,13,1369,442
43,14,1576,841
43,15,1466,679
43,16,1303,718
43,17,1185,770
43,18,1636,917
43,19,1458,887
43,20,1321,948
43,21,1231,1003
44,1,1510,1204
44,2,1376,1130
44,3,1277,1008
44,4,1206,904
44,5,1144,804
44,6,1409,794
44,7,1377,625
44,8,1351,528
44,9,1336,447
44,10,1500,799
44,11,1491,584
44,12,1425,506
44,13,1360,467
44,14,1579,841
44,15,1466,682
44,16,1301,721
44,17,1181,774
44,18,1638,917
44,19,1462,885
44,20,1326,946
44,21,1234,1002
45,1,1509,1204
45,2,1373,1133
45,3,1274,1011
45,4,1205,905
45,5,1144,802
45,6,1403,795
45,7,1370,627
45,8,1345,528
45,9,1332,445
45,10,1496,800
45,11,1492,583
45,12,1432,502
45,13,1371,459
45,14,1575,843
45,15,1468,681
45,16,1307,718
45,17,1191,769
45,18,1635,920
45,19,1459,887
45,20,1323,946
45,21,1232,1001
46,1,1509,1199
46,2,1374,1127
46,3,1277,1005
46,4,1206,901
46,5,1144,803
46,6,1407,790
46,7,1376,621
46,8,1350,525
46,9,1336,444
46,10,1499,797
46,11,1495,581
46,12,1429,508
46,13,1364,474
46,14,1578,840
46,15,1467,681
46,16,1303,720
46,17,1184,773
46,18,1635,917
46,19,1460,886
46,20,1323,946
46,21,1232,1000
47,1,1507,1199
47,2,1371,1130
47,3,1272,1008
47,4,1205,902
47,5,1143,799
47,6,1401,791
47,7,1368,624
47,8,1345,527
47,9,1336,444
47,10,1494,797
47,11,1492,581
47,12,1433,504
47,13,1373,465
47,14,1575,841
47,15,1467,683
47,16,1305,723
47,17,1186,777
47,18,1636,919
47,19,1463,890
47,20,1326,950
47,21,1233,1004
48,1,1507,1201
48,2,1374,1130
48,3,1275,1008
48,4,1207,904
48,5,1145,803
48,6,1407,790
48,7,1378,622
48,8,1351,525
48,9,1335,444
48,10,1499,797
48,11,1493,584
48,12,1426,520
48,13,1358,495
48,14,1577,841
48,15,1469,685
48,16,1306,724
48,17,1186,777
48,18,1637,918
48,19,1464,889
48,20,1327,947
48,21,1234,998
49,1,1499,1201
49,2,1366,1130
49,3,1271,1006
49,4,1204,900
49,5,1143,798
49,6,1403,791
49,7,1374,624
49,8,1349,528
49,9,1336,445
49,10,1495,796
49,11,1491,583
49,12,1428,498
49,13,1365,449
49,14,1575,840
49,15,1469,681
49,16,1308,719
49,17,1190,770
49,18,1634,918
49,19,1461,887
49,20,1325,945
49,21,1234,999
50,1,1514,1201
50,2,1376,1132
50,3,1276,1008
50,4,1208,901
50,5,1147,798
50,6,1403,790
50,7,1371,623
50,8,1350,524
50,9,1342,440
50,10,1496,794
50,11,1495,587
50,12,1436,514
50,13,1375,482
50,14,1576,838
50,15,1468,684
50,16,1308,720
50,17,1190,772
50,18,1634,917
50,19,1461,892
50,20,1324,951
50,21,1230,1006
51,1,1499,1200
51,2,1370,1132
51,3,1274,1008
51,4,1205,900
51,5,1147,796
51,6,1399,795
51,7,1373,623
51,8,1352,524
51,9,1346,440
51,10,1493,801
51,11,1483,583
51,12,1411,505
51,13,1344,465
51,14,1574,843
51,15,1468,682
51,16,1303,720
51,17,1183,771
51,18,1635,918
51,19,1459,885
51,20,1321,946
51,21,1230,1000
52,1,1507,1203
52,2,1371,1134
52,3,1272,1011
52,4,1205,904
52,5,1145,799
52,6,1402,794
52,7,1371,629
52,8,1346,532
52,9,1331,449
52,10,1494,797
52,11,1493,583
52,12,1433,497
52,13,1371,450
52,14,1574,840
52,15,1466,682
52,16,1306,721
52,17,1189,774
52,18,1635,918
52,19,1461,889
52,20,1325,948
52,21,1234,1002
53,1,1503,1200
53,2,1368,1128
53,3,1272,1005
53,4,1203,901
53,5,1140,803
53,6,1400,789
53,7,1368,626
53,8,1343,530
53,9,1330,449
53,10,1493,793
53,11,1491,581
53,12,1432,494
53,13,1370,445
53,14,1573,837
53,15,1467,680
53,16,1305,717
53,17,1185,769
53,18,1632,916
53,19,1460,885
53,20,1324,945
53,21,1232,1000
54,1,1492,1207
54,2,1362,1132
54,3,1270,1005
54,4,1205,898
54,5,1144,797
54,6,1402,787
54,7,1372,623
54,8,1349,525
54,9,1336,442
54,10,1494,794
54,11,1493,585
54,12,1433,513
54,13,1371,482
54,14,1573,839
54,15,1465,684
54,16,1304,720
54,17,1184,773
54,18,1632,918
54,19,1462,884
54,20,1325,941
54,21,1231,994
55,1,1506,1200
55,2,1367,1128
55,3,1271,1005
55,4,1207,897
55,5,1145,794
55,6,1400,786
55,7,1367,618
55,8,1350,518
55,9,1347,434
55,10,1494,791
55,11,1474,590
55,12,1411,519
55,13,1349,482
55,14,1574,835
55,15,1467,680
55,16,1308,714
55,17,1187,765
55,18,1633,915
55,19,1461,887
55,20,1322,942
55,21,1224,996
56,1,1485,1193
56,2,1356,1125
56,3,1265,1000
56,4,1200,894
56,5,1145,792
56,6,1395,788
56,7,1367,624
56,8,1344,528
56,9,1334,447
56,10,1489,793
56,11,1477,582
56,12,1411,494
56,13,1350,442
56,14,1570,835
56,15,1468,677
56,16,1306,712
56,17,1186,762
56,18,1630,913
56,19,1458,881
56,20,1323,941
56,21,1231,996
57,1,1506,1207
57,2,1369,1140
57,3,1270,1012
57,4,1208,901
57,5,1150,794
57,6,1400,793
57,7,1364,624
57,8,1345,522
57,9,1338,437
57,10,1496,796
57,11,1494,590
57,12,1430,531
57,13,1365,514
57,14,1577,839
57,15,1468,685
57,16,1310,723
57,17,1193,778
57,18,1636,918
57,19,1464,888
57,20,1326,946
57,21,1231,1000
58,1,1491,1193
58,2,1361,1120
58,3,1268,997
58,4,1202,892
58,5,1144,793
58,6,1397,782
58,7,1371,616
58,8,1352,518
58,9,1347,434
58,10,1491,790
58,11,1477,581
58,12,1409,505
58,13,1346,464
58,14,1572,835
58,15,1471,677
58,16,1307,715
58,17,1185,768
58,18,1633,915
58,19,1462,882
58,20,1326,940
58,21,1234,994
59,1,1510,1201
59,2,1373,1134
59,3,1272,1009
59,4,1208,902
59,5,1147,797
59,6,1399,789
59,7,1365,624
59,8,1345,524
59,9,1335,440
59,10,1494,793
59,11,1492,588
59,12,1435,527
59,13,1373,505
59,14,1574,837
59,15,1470,683
59,16,1313,723
59,17,1196,777
59,18,1634,917
59,19,1466,890
59,20,1327,949
59,21,1230,1002
60,1,1490,1189
60,2,1361,1122
60,3,1268,999
60,4,1202,892
60,5,1144,792
60,6,1393,787
60,7,1369,618
60,8,1350,520
60,9,1346,435
60,10,1487,792
60,11,1472,581
60,12,1403,503
60,13,1339,458
60,14,1569,835
60,15,1468,677
60,16,1306,715
60,17,1186,765
60,18,1630,913
60,19,1459,882
60,20,1322,942
60,21,1230,995
61,1,1518,1199
61,2,1379,1134
61,3,1275,1011
61,4,1209,905
61,5,1149,800
61,6,1403,790
61,7,1372,622
61,8,1351,521
61,9,1340,435
61,10,1495,793
61,11,1479,596
61,12,1405,548
61,13,1334,539
61,14,1575,835
61,15,1467,685
61,16,1309,724
61,17,1193,778
61,18,1634,914
61,19,1465,889
61,20,1327,945
61,21,1230,996
62,1,1492,1184
62,2,1365,1122
62,3,1272,1000
62,4,1207,894
62,5,1149,793
62,6,1390,790
62,7,1371,614
62,8,1359,512
62,9,1359,427
62,10,1484,795
62,11,1478,584
62,12,1409,522
62,13,1343,496
62,14,1566,837
62,15,1468,675
62,16,1310,717
62,17,1193,771
62,18,1628,912
62,19,1457,880
62,20,1323,939
62,21,1234,992
63,1,1518,1188
63,2,1379,1126
63,3,1276,1007
63,4,1209,902
63,5,1148,797
63,6,1395,786
63,7,1365,623
63,8,1342,528
63,9,1330,447
63,10,1489,788
63,11,1484,581
63,12,1422,505
63,13,1359,466
63,14,1570,831
63,15,1464,681
63,16,1307,719
63,17,1190,770
63,18,1630,911
63,19,1461,888
63,20,1326,947
63,21,1232,999
64,1,1499,1194
64,2,1373,1131
64,3,1277,1007
64,4,1211,900
64,5,1151,797
64,6,1394,792
64,7,1364,623
64,8,1344,526
64,9,1337,444
64,10,1487,794
64,11,1487,579
64,12,1423,492
64,13,1357,441
64,14,1568,836
64,15,1463,681
64,16,1307,723
64,17,1193,775
64,18,1630,914
64,19,1462,883
64,20,1326,945
64,21,1235,1000
65,1,1493,1202
65,2,1363,1134
65,3,1268,1009
65,4,1206,900
65,5,1146,796
65,6,1400,788
65,7,1373,623
65,8,1349,524
65,9,1334,441
65,10,1492,795
65,11,1488,587
65,12,1426,524
65,13,1362,502
65,14,1572,839
65,15,1467,685
65,16,1310,726
65,17,1192,782
65,18,1632,917
65,19,1466,886
65,20,1329,944
65,21,1235,996
66,1,1498,1200
66,2,1363,1131
66,3,1265,1007
66,4,1204,899
66,5,1145,796
66,6,1394,786
66,7,1366,622
66,8,1349,523
66,9,1344,439
66,10,1488,790
66,11,1480,585
66,12,1424,504
66,13,1366,457
66,14,1570,834
66,15,1466,679
66,16,1311,718
66,17,1193,772
66,18,1631,915
66,19,1461,888
66,20,1324,946
66,21,1228,999
67,1,1503,1195
67,2,1369,1126
67,3,1269,1004
67,4,1204,898
67,5,1143,796
67,6,1399,786
67,7,1369,623
67,8,1345,525
67,9,1329,443
67,10,1492,792
67,11,1488,585
67,12,1427,519
67,13,1361,493
67,14,1571,836
67,15,1467,683
67,16,1311,724
67,17,1194,779
67,18,1631,915
67,19,1461,888
67,20,1325,947
67,21,1231,1000
68,1,1505,1193
68,2,1372,1127
68,3,1271,1006
68,4,1206,900
68,5,1145,797
68,6,1397,784
68,7,1367,623
68,8,1342,527
68,9,1324,448
68,10,1490,789
68,11,1485,583
68,12,1423,512
68,13,1357,479
68,14,1571,833
68,15,1464,684
68,16,1308,725
68,17,1190,780
68,18,1631,913
68,19,1463,890
68,20,1325,949
68,21,1228,1001
69,1,1486,1199
69,2,1359,1130
69,3,1265,1007
69,4,1204,899
69,5,1144,797
69,6,1397,785
69,7,1370,617
69,8,1349,516
69,9,1333,434
69,10,1490,794
69,11,1488,592
69,12,1418,549
69,13,1343,548
69,14,1570,840
69,15,1467,691
69,16,1310,735
69,17,1192,793
69,18,1632,919
69,19,1466,893
69,20,1327,952
69,21,1231,1005
70,1,1498,1192
70,2,1361,1123
70,3,1261,1003
70,4,1200,898
70,5,1144,794
70,6,1393,778
70,7,1357,616
70,8,1339,518
70,9,1332,438
70,10,1488,783
70,11,1470,583
70,12,1406,508
70,13,1343,465
70,14,1570,830
70,15,1462,681
70,16,1307,722
70,17,1191,777
70,18,1631,914
70,19,1460,891
70,20,1321,948
70,21,1225,1000
71,1,1503,1196
71,2,1369,1127
71,3,1269,1005
71,4,1205,900
71,5,1146,798
71,6,1398,784
71,7,1368,620
71,8,1345,519
71,9,1327,437
71,10,1489,791
71,11,1487,592
71,12,1421,544
71,13,1351,536
71,14,1569,836
71,15,1465,690
71,16,1313,734
71,17,1198,790
71,18,1630,916
71,19,1464,893
71,20,1325,950
71,21,1229,999
72,1,1495,1188
72,2,1365,1119
72,3,1268,1002
72,4,1202,898
72,5,1143,799
72,6,1394,787
72,7,1367,624
72,8,1346,529
72,9,1337,447
72,10,1487,791
72,11,1473,583
72,12,1410,505
72,13,1347,460
72,14,1568,834
72,15,1462,681
72,16,1305,722
72,17,1187,774
72,18,1630,912
72,19,1461,883
72,20,1325,941
72,21,1232,993
73,1,1507,1191
73,2,1372,1127
73,3,1270,1006
73,4,1207,900
73,5,1148,798
73,6,1394,782
73,7,1364,621
73,8,1342,523
73,9,1327,441
73,10,1487,786
73,11,1486,589
73,12,1427,535
73,13,1364,518
73,14,1568,831
73,15,1466,686
73,16,1314,729
73,17,1201,785
73,18,1629,913
73,19,1464,892
73,20,1326,949
73,21,1229,1000
74,1,1495,1186
74,2,1369,1121
74,3,1272,1002
74,4,1206,899
74,5,1147,797
74,6,1397,786
74,7,1373,622
74,8,1353,524
74,9,1344,442
74,10,1490,792
74,11,1484,587
74,12,1412,519
74,13,1342,488
74,14,1571,835
74,15,1464,686
74,16,1303,726
74,17,1184,779
74,18,1632,913
74,19,1461,882
74,20,1325,942
74,21,1232,994
75,1,1504,1182
75,2,1370,1121
75,3,1267,1003
75,4,1205,900
75,5,1148,794
75,6,1393,776
75,7,1365,611
75,8,1350,513
75,9,1345,432
75,10,1488,782
75,11,1486,586
75,12,1418,542
75,13,1349,537
75,14,1569,828
75,15,1465,685
75,16,1309,724
75,17,1193,777
75,18,1629,911
75,19,1464,889
75,20,1327,946
75,21,1233,998
76,1,1499,1181
76,2,1370,1122
76,3,1269,1002
76,4,1205,895
76,5,1145,795
76,6,1392,779
76,7,1370,612
76,8,1353,512
76,9,1345,430
76,10,1487,784
76,11,1488,581
76,12,1417,530
76,13,1345,519
76,14,1568,829
76,15,1466,684
76,16,1310,725
76,17,1195,779
76,18,1629,909
76,19,1463,890
76,20,1326,950
76,21,1233,1001
77,1,1511,1184
77,2,1377,1123
77,3,1273,1005
77,4,1208,902
77,5,1146,799
77,6,1396,778
77,7,1368,613
77,8,1346,515
77,9,1331,435
77,10,1490,784
77,11,1487,590
77,12,1409,556
77,13,1329,562
77,14,1570,830
77,15,1465,689
77,16,1310,733
77,17,1194,789
77,18,1629,911
77,19,1464,890
77,20,1326,950
77,21,1230,1001
78,1,1491,1184
78,2,1368,1124
78,3,1270,1004
78,4,1207,900
78,5,1147,799
78,6,1394,784
78,7,1372,614
78,8,1357,513
78,9,1352,427
78,10,1490,791
78,11,1476,599
78,12,1387,573
78,13,1302,584
78,14,1571,835
78,15,1465,691
78,16,1303,732
78,17,1183,785
78,18,1631,912
78,19,1465,888
78,20,1327,948
78,21,1232,999
79,1,1510,1187
79,2,1372,1127
79,3,1270,1010
79,4,1206,905
79,5,1147,801
79,6,1396,788
79,7,1361,623
79,8,1340,524
79,9,1334,440
79,10,1491,789
79,11,1468,590
79,12,1397,521
79,13,1330,487
79,14,1574,832
79,15,1461,684
79,16,1302,725
79,17,1185,778
79,18,1634,914
79,19,1465,892
79,20,1327,946
79,21,1230,996
80,1,1492,1183
80,2,1367,1121
80,3,1268,1002
80,4,1204,897
80,5,1146,796
80,6,1393,783
80,7,1366,619
80,8,1349,521
80,9,1342,439
80,10,1488,788
80,11,1483,582
80,12,1414,522
80,13,1345,500
80,14,1569,833
80,15,1462,686
80,16,1303,727
80,17,1187,781
80,18,1631,913
80,19,1461,888
80,20,1325,948
80,21,1233,1000
81,1,1505,1190
81,2,1370,1129
81,3,1267,1008
81,4,1204,903
81,5,1148,797
81,6,1390,781
81,7,1362,617
81,8,1345,517
81,9,1338,433
81,10,1486,786
81,11,1487,589
81,12,1422,543
81,13,1355,537
81,14,1569,831
81,15,1465,689
81,16,1312,732
81,17,1200,787
81,18,1631,913
81,19,1466,891
81,20,1329,949
81,21,1235,1000
82,1,1489,1182
82,2,1366,1118
82,3,1270,999
82,4,1204,896
82,5,1146,795
82,6,1397,781
82,7,1373,617
82,8,1354,519
82,9,1344,439
82,10,1491,787
82,11,1486,580
82,12,1416,514
82,13,1345,487
82,14,1572,832
82,15,1464,685
82,16,1306,723
82,17,1188,774
82,18,1632,911
82,19,1463,885
82,20,1327,945
82,21,1233,997
83,1,1501,1196
83,2,1365,1136
83,3,1263,1011
83,4,1203,903
83,5,1148,796
83,6,1384,787
83,7,1350,628
83,8,1332,532
83,9,1322,450
83,10,1482,787
83,11,1490,585
83,12,1438,514
83,13,1378,482
83,14,1567,832
83,15,1468,684
83,16,1316,731
83,17,1206,788
83,18,1629,914
83,19,1469,889
83,20,1334,947
83,21,1241,999
84,1,1485,1190
84,2,1360,1122
84,3,1267,997
84,4,1203,891
84,5,1144,793
84,6,1397,782
84,7,1374,614
84,8,1353,514
84,9,1338,434
84,10,1491,791
84,11,1491,585
84,12,1415,532
84,13,1337,521
84,14,1571,837
84,15,1468,684
84,16,1310,724
84,17,1193,779
84,18,1631,915
84,19,1462,885
84,20,1324,945
84,21,1231,997
85,1,1496,1197
85,2,1361,1131
85,3,1263,1007
85,4,1203,900
85,5,1146,795
85,6,1392,787
85,7,1357,623
85,8,1339,524
85,9,1330,441
85,10,1489,790
85,11,1483,587
85,12,1422,527
85,13,1357,508
85,14,1573,835
85,15,1464,684
85,16,1309,727
85,17,1197,785
85,18,1633,916
85,19,1464,889
85,20,1326,945
85,21,1232,996
86,1,1497,1192
86,2,1365,1123
86,3,1267,1001
86,4,1201,895
86,5,1142,794
86,6,1394,785
86,7,1362,624
86,8,1337,528
86,9,1324,446
86,10,1489,788
86,11,1484,583
86,12,1427,503
86,13,1367,458
86,14,1571,832
86,15,1466,679
86,16,1311,719
86,17,1194,772
86,18,1631,912
86,19,1461,886
86,20,1326,944
86,21,1232,997
87,1,1502,1193
87,2,1372,1124
87,3,1271,1002
87,4,1206,897
87,5,1150,794
87,6,1402,780
87,7,1368,618
87,8,1345,519
87,9,1330,437
87,10,1493,787
87,11,1491,584
87,12,1429,529
87,13,1364,515
87,14,1573,833
87,15,1467,685
87,16,1312,727
87,17,1197,782
87,18,1632,914
87,19,1464,888
87,20,1327,944
87,21,1233,994
88,1,1500,1193
88,2,1368,1127
88,3,1268,1004
88,4,1205,898
88,5,1145,795
88,6,1395,784
88,7,1365,622
88,8,1341,524
88,9,1327,441
88,10,1489,789
88,11,1492,582
88,12,1434,517
88,13,1372,492
88,14,1571,834
88,15,1467,682
88,16,1311,724
88,17,1195,779
88,18,1631,914
88,19,1463,886
88,20,1327,946
88,21,1234,999
89,1,1496,1193
89,2,1367,1126
89,3,1269,1003
89,4,1206,896
89,5,1147,793
89,6,1397,782
89,7,1367,620
89,8,1343,522
89,9,1328,439
89,10,1490,788
89,11,1488,581
89,12,1426,522
89,13,1362,503
89,14,1570,833
89,15,1466,683
89,16,1311,724
89,17,1195,780
89,18,1630,912
89,19,1464,885
89,20,1327,943
89,21,1234,995
90,1,1501,1192
90,2,1368,1123
90,3,1268,1002
90,4,1205,897
90,5,1149,793
90,6,1398,781
90,7,1366,620
90,8,1341,523
90,9,1324,440
90,10,1491,787
90,11,1491,582
90,12,1430,523
90,13,1365,505
90,14,1572,832
90,15,1467,682
90,16,1312,724
90,17,1197,780
90,18,1632,913
90,19,1464,887
90,20,1326,945
90,21,1232,997
91,1,1497,1194
91,2,1367,1126
91,3,1270,1003
91,4,1207,896
91,5,1149,793
91,6,1399,781
91,7,1367,618
91,8,1346,517
91,9,1336,433
91,10,1492,788
91,11,1491,585
91,12,1433,531
91,13,1372,518
91,14,1572,832
91,15,1467,684
91,16,1313,726
91,17,1198,781
91,18,1631,912
91,19,1464,885
91,20,1328,942
91,21,1235,993
92,1,1495,1191
92,2,1363,1123
92,3,1265,1001
92,4,1203,895
92,5,1145,793
92,6,1391,780
92,7,1361,618
92,8,1343,521
92,9,1335,438
92,10,1487,785
92,11,1483,581
92,12,1426,505
92,13,1366,463
92,14,1570,829
92,15,1465,678
92,16,1309,719
92,17,1193,774
92,18,1631,911
92,19,1461,886
92,20,1325,944
92,21,1232,997
93,1,1498,1194
93,2,1367,1126
93,3,1269,1004
93,4,1206,898
93,5,1152,794
93,6,1400,780
93,7,1367,616
93,8,1347,515
93,9,1338,431
93,10,1493,786
93,11,1492,586
93,12,1430,538
93,13,1365,530
93,14,1573,831
93,15,1467,686
93,16,1313,727
93,17,1199,783
93,18,1632,913
93,19,1464,887
93,20,1327,944
93,21,1232,994
94,1,1496,1192
94,2,1363,1124
94,3,1265,1002
94,4,1203,896
94,5,1145,793
94,6,1390,781
94,7,1358,619
94,8,1339,523
94,9,1333,440
94,10,1486,784
94,11,1481,581
94,12,1424,501
94,13,1367,456
94,14,1569,829
94,15,1464,678
94,16,1308,719
94,17,1193,774
94,18,1631,910
94,19,1461,886
94,20,1325,943
94,21,1232,994
95,1,1507,1193
95,2,1375,1123
95,3,1274,1002
95,4,1207,897
95,5,1149,792
95,6,1402,780
95,7,1369,618
95,8,1345,520
95,9,1329,437
95,10,1494,785
95,11,1487,581
95,12,1421,527
95,13,1355,512
95,14,1573,829
95,15,1465,684
95,16,1311,727
95,17,1197,783
95,18,1633,910
95,19,1463,886
95,20,1326,943
95,21,1232,993
96,1,1488,1199
96,2,1360,1132
96,3,1265,1006
96,4,1204,896
96,5,1145,793
96,6,1395,784
96,7,1365,622
96,8,1342,522
96,9,1328,439
96,10,1489,791
96,11,1490,581
96,12,1429,520
96,13,1364,502
96,14,1570,835
96,15,1466,683
96,16,1311,725
96,17,1196,782
96,18,1632,915
96,19,1465,884
96,20,1329,943
96,21,1236,998
97,1,1493,1202
97,2,1360,1132
97,3,1263,1006
97,4,1204,897
97,5,1147,793
97,6,1384,782
97,7,1351,623
97,8,1331,529
97,9,1319,448
97,10,1482,784
97,11,1482,579
97,12,1428,496
97,13,1370,449
97,14,1566,829
97,15,1465,679
97,16,1310,725
97,17,1197,783
97,18,1629,913
97,19,1462,891
97,20,1323,947
97,21,1228,998
98,1,1493,1199
98,2,1365,1126
98,3,1271,1001
98,4,1206,896
98,5,1144,795
98,6,1403,781
98,7,1375,619
98,8,1349,521
98,9,1329,440
98,10,1494,789
98,11,1499,581
98,12,1439,518
98,13,1373,496
98,14,1572,834
98,15,1468,683
98,16,1314,727
98,17,1201,785
98,18,1631,915
98,19,1462,886
98,20,1324,945
98,21,1230,997
99,1,1495,1203
99,2,1360,1135
99,3,1262,1007
99,4,1203,898
99,5,1146,795
99,6,1381,784
99,7,1346,625
99,8,1325,530
99,9,1315,450
99,10,1480,785
99,11,1479,579
99,12,1425,497
99,13,1368,453
99,14,1565,829
99,15,1465,677
99,16,1310,728
99,17,1197,789
99,18,1629,912
99,19,1461,890
99,20,1322,948
99,21,1228,999
100,1,1493,1200
100,2,1365,1128
100,3,1271,1001
100,4,1206,894
100,5,1144,795
100,6,1401,781
100,7,1372,618
100,8,1346,521
100,9,1324,443
100,10,1493,790
100,11,1500,584
100,12,1439,524
100,13,1371,506
100,14,1573,836
100,15,1469,685
100,16,1313,727
100,17,1199,782
100,18,1631,916
100,19,1461,886
100,20,1324,946
100,21,1231,999
101,1,1496,1204
101,2,1361,1134
101,3,1263,1008
101,4,1203,899
101,5,1145,795
101,6,1384,786
101,7,1351,625
101,8,1332,528
101,9,1324,445
101,10,1481,788
101,11,1473,582
101,12,1419,500
101,13,1364,452
101,14,1566,832
101,15,1463,677
101,16,1308,723
101,17,1193,781
101,18,1630,915
101,19,1461,889
101,20,1322,947
101,21,1227,998
102,1,1489,1199
102,2,1361,1128
102,3,1267,999
102,4,1204,892
102,5,1142,795
102,6,1399,781
102,7,1369,616
102,8,1344,518
102,9,1326,438
102,10,1492,791
102,11,1495,588
102,12,1430,533
102,13,1360,521
102,14,1572,837
102,15,1469,686
102,16,1312,725
102,17,1195,779
102,18,1631,916
102,19,1461,885
102,20,1324,945
102,21,1231,997
103,1,1495,1196
103,2,1360,1128
103,3,1262,1004
103,4,1201,895
103,5,1145,792
103,6,1390,781
103,7,1353,622
103,8,1331,528
103,9,1322,447
103,10,1487,783
103,11,1473,578
103,12,1418,487
103,13,1365,428
103,14,1570,829
103,15,1462,675
103,16,1307,720
103,17,1193,776
103,18,1633,913
103,19,1461,888
103,20,1323,943
103,21,1229,994
104,1,1504,1200
104,2,1370,1129
104,3,1271,1004
104,4,1206,896
104,5,1150,791
104,6,1399,784
104,7,1365,623
104,8,1340,524
104,9,1323,442
104,10,1490,789
104,11,1494,583
104,12,1436,519
104,13,1373,496
104,14,1570,833
104,15,1465,681
104,16,1311,727
104,17,1198,785
104,18,1631,913
104,19,1462,887
104,20,1325,944
104,21,1232,996
105,1,1491,1197
105,2,1362,1126
105,3,1267,1000
105,4,1203,893
105,5,1143,791
105,6,1398,784
105,7,1370,621
105,8,1344,524
105,9,1327,442
105,10,1490,790
105,11,1491,579
105,12,1430,502
105,13,1365,460
105,14,1571,834
105,15,1466,679
105,16,1308,721
105,17,1190,776
105,18,1631,913
105,19,1461,883
105,20,1325,943
105,21,1232,997
106,1,1487,1205
106,2,1357,1136
106,3,1262,1006
106,4,1203,895
106,5,1146,790
106,6,1387,787
106,7,1353,628
106,8,1329,535
106,9,1312,457
106,10,1482,788
106,11,1483,581
106,12,1427,494
106,13,1366,444
106,14,1567,832
106,15,1463,680
106,16,1307,725
106,17,1192,781
106,18,1630,914
106,19,1463,889
106,20,1324,946
106,21,1230,996
107,1,1494,1198
107,2,1361,1127
107,3,1266,1003
107,4,1204,894
107,5,1145,792
107,6,1395,784
107,7,1365,622
107,8,1342,523
107,9,1328,440
107,10,1488,788
107,11,1488,578
107,12,1429,497
107,13,1366,454
107,14,1569,833
107,15,1467,676
107,16,1312,720
107,17,1197,776
107,18,1631,914
107,19,1460,887
107,20,1322,943
107,21,1228,994
108,1,1497,1198
108,2,1364,1127
108,3,1266,1003
108,4,1205,894
108,5,1149,789
108,6,1391,783
108,7,1361,620
108,8,1340,521
108,9,1326,439
108,10,1484,787
108,11,1488,579
108,12,1427,514
108,13,1362,490
108,14,1566,830
108,15,1465,678
108,16,1311,722
108,17,1198,780
108,18,1629,911
108,19,1459,888
108,20,1322,945
108,21,1228,995
109,1,1495,1199
109,2,1365,1127
109,3,1270,1002
109,4,1206,896
109,5,1146,794
109,6,1401,784
109,7,1374,621
109,8,1349,522
109,9,1330,441
109,10,1493,790
109,11,1496,582
109,12,1434,513
109,13,1368,486
109,14,1572,834
109,15,1467,681
109,16,1312,725
109,17,1198,783
109,18,1631,912
109,19,1461,885
109,20,1324,944
109,21,1232,996
110,1,1497,1200
110,2,1363,1130
110,3,1265,1005
110,4,1203,895
110,5,1146,790
110,6,1390,784
110,7,1359,624
110,8,1337,527
110,9,1325,445
110,10,1484,787
110,11,1479,580
110,12,1424,496
110,13,1365,446
110,14,1567,831
110,15,1463,676
110,16,1308,724
110,17,1193,782
110,18,1630,913
110,19,1460,887
110,20,1322,945
110,21,1229,997
111,1,1492,1196
111,2,1363,1123
111,3,1269,999
111,4,1206,893
111,5,1146,793
111,6,1399,781
111,7,1373,619
111,8,1348,521
111,9,1330,440
111,10,1490,788
111,11,1492,579
111,12,1430,506
111,13,1365,471
111,14,1570,832
111,15,1467,678
111,16,1312,721
111,17,1196,778
111,18,1629,911
111,19,1459,882
111,20,1322,942
111,21,1230,995
112,1,1490,1201
112,2,1359,1132
112,3,1262,1004
112,4,1204,893
112,5,1148,789
112,6,1386,782
112,7,1353,622
112,8,1332,527
112,9,1319,448
112,10,1482,785
112,11,1485,581
112,12,1431,500
112,13,1372,457
112,14,1566,829
112,15,1463,679
112,16,1307,723
112,17,1190,779
112,18,1629,912
112,19,1462,888
112,20,1323,945
112,21,1227,997
113,1,1496,1192
113,2,1365,1119
113,3,1270,996
113,4,1208,892
113,5,1147,793
113,6,1394,778
113,7,1360,616
113,8,1340,516
113,9,1331,431
113,10,1488,785
113,11,1490,580
113,12,1431,518
113,13,1369,495
113,14,1570,830
113,15,1466,678
113,16,1310,721
113,17,1194,778
113,18,1631,911
113,19,1460,884
113,20,1322,943
113,21,1228,996
114,1,1500,1193
114,2,1365,1127
114,3,1265,1004
114,4,1205,896
114,5,1148,792
114,6,1388,780
114,7,1357,617
114,8,1339,516
114,9,1330,433
114,10,1484,785
114,11,1484,585
114,12,1422,532
114,13,1357,520
114,14,1567,830
114,15,1465,681
114,16,1311,723
114,17,1197,780
114,18,1630,910
114,19,1462,885
114,20,1324,944
114,21,1230,997
115,1,1485,1193
115,2,1360,1126
115,3,1266,1000
115,4,1204,890
115,5,1144,787
115,6,1394,782
115,7,1369,620
115,8,1346,520
115,9,1330,438
115,10,1488,787
115,11,1489,578
115,12,1424,507
115,13,1353,478
115,14,1570,831
115,15,1465,677
115,16,1308,716
115,17,1190,770
115,18,1630,910
115,19,1461,878
115,20,1324,938
115,21,1231,993
116,1,1487,1202
116,2,1356,1134
116,3,1262,1005
116,4,1205,892
116,5,1149,786
116,6,1388,784
116,7,1356,623
116,8,1336,528
116,9,1324,447
116,10,1485,786
116,11,1482,579
116,12,1424,497
116,13,1364,452
116,14,1569,829
116,15,1466,676
116,16,1309,721
116,17,1194,780
116,18,1632,911
116,19,1465,884
116,20,1325,940
116,21,1231,991
117,1,1491,1200
117,2,1360,1127
117,3,1265,1000
117,4,1205,891
117,5,1147,788
117,6,1391,778
117,7,1360,620
117,8,1338,527
117,9,1323,447
117,10,1485,782
117,11,1477,579
117,12,1421,494
117,13,1362,443
117,14,1568,827
117,15,1464,673
117,16,1308,716
117,17,1190,772
117,18,1632,910
117,19,1463,879
117,20,1326,935
117,21,1231,987
118,1,1495,1196
118,2,1362,1124
118,3,1267,998
118,4,1207,890
118,5,1147,789
118,6,1391,782
118,7,1360,621
118,8,1338,524
118,9,1324,442
118,10,1485,785
118,11,1479,579
118,12,1423,490
118,13,1365,437
118,14,1567,828
118,15,1465,671
118,16,1312,714
118,17,1196,769
118,18,1630,907
118,19,1462,876
118,20,1328,933
118,21,1235,986
119,1,1481,1197
119,2,1353,1125
119,3,1262,997
119,4,1203,887
119,5,1145,784
119,6,1390,781
119,7,1360,620
119,8,1338,522
119,9,1327,439
119,10,1484,786
119,11,1481,579
119,12,1424,495
119,13,1363,449
119,14,1566,830
119,15,1467,673
119,16,1313,713
119,17,1198,767
119,18,1629,908
119,19,1463,874
119,20,1328,932
119,21,1234,984
120,1,1493,1202
120,2,1359,1132
120,3,1264,1002
120,4,1205,888
120,5,1148,782
120,6,1390,786
120,7,1354,625
120,8,1333,530
120,9,1322,449
120,10,1484,786
120,11,1470,580
120,12,1412,493
120,13,1356,441
120,14,1567,827
120,15,1463,672
120,16,1306,716
120,17,1188,772
120,18,1631,906
120,19,1463,878
120,20,1327,933
120,21,1233,984
121,1,1481,1197
121,2,1352,1124
121,3,1260,997
121,4,1201,887
121,5,1141,785
121,6,1387,781
121,7,1358,618
121,8,1339,520
121,9,1331,437
121,10,1481,787
121,11,1473,581
121,12,1416,499
121,13,1357,453
121,14,1565,830
121,15,1465,672
121,16,1310,715
121,17,1193,772
121,18,1629,909
121,19,1463,874
121,20,1330,930
121,21,1238,984
122,1,1495,1199
122,2,1362,1131
122,3,1264,1004
122,4,1206,891
122,5,1151,784
122,6,1388,782
122,7,1352,620
122,8,1333,524
122,9,1326,443
122,10,1484,782
122,11,1471,581
122,12,1413,496
122,13,1355,447
122,14,1569,825
122,15,1461,673
122,16,1305,716
122,17,1188,771
122,18,1632,906
122,19,1461,883
122,20,1324,938
122,21,1229,989
123,1,1494,1200
123,2,1361,1130
123,3,1265,1003
123,4,1205,892
123,5,1145,789
123,6,1392,785
123,7,1359,622
123,8,1338,522
123,9,1325,438
123,10,1486,790
123,11,1474,584
123,12,1410,521
123,13,1345,497
123,14,1569,832
123,15,1465,677
123,16,1311,719
123,17,1195,778
123,18,1632,910
123,19,1462,880
123,20,1325,940
123,21,1230,995
124,1,1497,1198
124,2,1364,1124
124,3,1267,1000
124,4,1205,893
124,5,1147,790
124,6,1396,781
124,7,1363,621
124,8,1341,522
124,9,1327,438
124,10,1490,786
124,11,1475,583
124,12,1412,508
124,13,1348,469
124,14,1573,830
124,15,1467,674
124,16,1313,715
124,17,1196,771
124,18,1634,911
124,19,1463,880
124,20,1327,936
124,21,1231,989
125,1,1503,1192
125,2,1369,1122
125,3,1270,999
125,4,1206,893
125,5,1148,789
125,6,1399,779
125,7,1367,619
125,8,1343,523
125,9,1328,441
125,10,1493,782
125,11,1477,580
125,12,1415,497
125,13,1352,447
125,14,1575,827
125,15,1469,673
125,16,1313,715
125,17,1195,770
125,18,1637,910
125,19,1468,880
125,20,1330,936
125,21,1234,988
126,1,1502,1196
126,2,1370,1128
126,3,1272,1002
126,4,1208,894
126,5,1152,789
126,6,1401,782
126,7,1368,621
126,8,1342,524
126,9,1325,442
126,10,1496,785
126,11,1489,576
126,12,1424,498
126,13,1358,458
126,14,1579,828
126,15,1468,674
126,16,1309,714
126,17,1193,770
126,18,1639,907
126,19,1468,877
126,20,1331,936
126,21,1238,989
127,1,1509,1199
127,2,1375,1128
127,3,1276,1002
127,4,1211,893
127,5,1153,789
127,6,1401,783
127,7,1366,622
127,8,1342,526
127,9,1327,444
127,10,1496,783
127,11,1481,576
127,12,1422,488
127,13,1362,435
127,14,1579,824
127,15,1468,670
127,16,1310,715
127,17,1193,770
127,18,1643,904
127,19,1470,877
127,20,1333,933
127,21,1239,984
128,1,1497,1197
128,2,1367,1125
128,3,1273,996
128,4,1210,884
128,5,1150,780
128,6,1406,780
128,7,1375,619
128,8,1348,521
128,9,1331,439
128,10,1498,785
128,11,1489,570
128,12,1422,484
128,13,1356,434
128,14,1579,828
128,15,1476,667
128,16,1318,712
128,17,1200,769
128,18,1641,907
128,19,1472,872
128,20,1337,931
128,21,1245,984
129,1,1502,1207
129,2,1367,1136
129,3,1271,1004
129,4,1213,888
129,5,1158,780
129,6,1400,782
129,7,1364,617
129,8,1344,517
129,9,1332,434
129,10,1495,784
129,11,1496,577
129,12,1441,505
129,13,1383,473
129,14,1580,827
129,15,1475,672
129,16,1319,718
129,17,1205,778
129,18,1644,908
129,19,1474,878
129,20,1335,935
129,21,1240,987
130,1,1496,1198
130,2,1364,1124
130,3,1269,997
130,4,1208,887
130,5,1149,781
130,6,1398,778
130,7,1366,617
130,8,1344,520
130,9,1333,436
130,10,1494,782
130,11,1476,572
130,12,1421,480
130,13,1366,421
130,14,1579,827
130,15,1473,669
130,16,1317,713
130,17,1200,769
130,18,1643,908
130,19,1473,875
130,20,1338,932
130,21,1245,986
131,1,1493,1203
131,2,1363,1131
131,3,1268,1000
131,4,1210,888
131,5,1154,782
131,6,1394,781
131,7,1358,614
131,8,1341,513
131,9,1334,430
131,10,1491,785
131,11,1497,579
131,12,1444,516
131,13,1385,495
131,14,1576,830
131,15,1474,678
131,16,1319,724
131,17,1205,784
131,18,1640,913
131,19,1472,884
131,20,1332,942
131,21,1238,994
132,1,1493,1203
132,2,1363,1131
132,3,1268,1000
132,4,1210,888
132,5,1154,782
132,6,1394,781
132,7,1358,614
132,8,1341,513
132,9,1334,430
132,10,1491,785
132,11,1497,579
132,12,1444,516
132,13,1385,495
132,14,1576,830
132,15,1474,678
132,16,1319,724
132,17,1205,784
132,18,1640,913
132,19,1472,884
132,20,1332,942
132,21,1238,994
133,1,1493,1203
133,2,1363,1131
133,3,1268,1000
133,4,1210,888
133,5,1154,782
133,6,1394,781
133,7,1358,614
133,8,1341,513
133,9,1334,430
133,10,1491,785
133,11,1497,579
133,12,1444,516
133,13,1385,495
133,14,1576,830
133,15,1474,678
133,16,1319,724
133,17,1205,784
133,18,1640,913
133,19,1472,884
133,20,1332,942
133,21,1238,994
134,1,1504,1200
134,2,1370,1127
134,3,1270,1001
134,4,1207,893
134,5,1148,789
134,6,1395,781
134,7,1356,622
134,8,1332,529
134,9,1321,448
134,10,1493,781
134,11,1475,573
134,12,1419,480
134,13,1365,422
134,14,1579,826
134,15,1468,674
134,16,1311,720
134,17,1195,779
134,18,1643,908
134,19,1469,885
134,20,1331,944
134,21,1237,998
135,1,1498,1199
135,2,1367,1131
135,3,1268,1006
135,4,1206,896
135,5,1145,791
135,6,1398,784
135,7,1365,618
135,8,1343,517
135,9,1329,433
135,10,1492,791
135,11,1494,583
135,12,1425,533
135,13,1353,526
135,14,1575,836
135,15,1468,686
135,16,1310,733
135,17,1194,793
135,18,1637,915
135,19,1467,889
135,20,1328,951
135,21,1234,1005
136,1,1501,1195
136,2,1365,1124
136,3,1265,1001
136,4,1201,894
136,5,1144,791
136,6,1392,783
136,7,1357,624
136,8,1332,530
136,9,1317,448
136,10,1488,785
136,11,1474,578
136,12,1414,494
136,13,1354,445
136,14,1572,829
136,15,1463,676
136,16,1307,722
136,17,1192,781
136,18,1635,910
136,19,1462,886
136,20,1326,946
136,21,1234,1002
137,1,1499,1200
137,2,1369,1128
137,3,1272,1003
137,4,1206,895
137,5,1146,792
137,6,1407,785
137,7,1370,620
137,8,1343,519
137,9,1325,436
137,10,1499,790
137,11,1498,584
137,12,1433,524
137,13,1365,506
137,14,1579,833
137,15,1466,684
137,16,1308,724
137,17,1192,780
137,18,1637,913
137,19,1466,885
137,20,1329,944
137,21,1236,998
138,1,1495,1195
138,2,1363,1125
138,3,1266,999
138,4,1203,888
138,5,1145,783
138,6,1399,779
138,7,1362,617
138,8,1339,520
138,9,1328,438
138,10,1494,782
138,11,1474,579
138,12,1413,498
138,13,1354,450
138,14,1578,827
138,15,1465,675
138,16,1306,720
138,17,1189,778
138,18,1639,909
138,19,1464,885
138,20,1326,943
138,21,1231,996
139,1,1497,1204
139,2,1364,1134
139,3,1266,1004
139,4,1206,890
139,5,1148,784
139,6,1394,784
139,7,1356,623
139,8,1333,526
139,9,1320,444
139,10,1491,784
139,11,1475,579
139,12,1418,495
139,13,1360,448
139,14,1577,827
139,15,1464,674
139,16,1307,720
139,17,1191,779
139,18,1640,908
139,19,1467,884
139,20,1329,942
139,21,1235,996
140,1,1502,1201
140,2,1367,1130
140,3,1268,1002
140,4,1206,891
140,5,1147,784
140,6,1399,782
140,7,1363,619
140,8,1342,518
140,9,1330,434
140,10,1494,785
140,11,1478,579
140,12,1415,505
140,13,1353,467
140,14,1578,828
140,15,1470,671
140,16,1313,714
140,17,1195,772
140,18,1642,909
140,19,1468,880
140,20,1330,937
140,21,1235,989
141,1,1502,1197
141,2,1366,1126
141,3,1268,1001
141,4,1205,892
141,5,1146,786
141,6,1395,781
141,7,1359,620
141,8,1338,523
141,9,1329,439
141,10,1490,782
141,11,1472,579
141,12,1413,494
141,13,1356,443
141,14,1575,825
141,15,1468,667
141,16,1311,712
141,17,1194,771
141,18,1639,905
141,19,1467,875
141,20,1333,933
141,21,1241,987
142,1,1500,1197
142,2,1366,1125
142,3,1269,999
142,4,1205,891
142,5,1146,785
142,6,1396,786
142,7,1360,622
142,8,1338,521
142,9,1327,436
142,10,1490,788
142,11,1475,583
142,12,1413,506
142,13,1351,466
142,14,1573,829
142,15,1467,669
142,16,1311,712
142,17,1196,770
142,18,1637,905
142,19,1467,871
142,20,1334,928
142,21,1244,983
143,1,1501,1191
143,2,1365,1123
143,3,1270,996
143,4,1206,887
143,5,1141,783
143,6,1398,785
143,7,1361,616
143,8,1344,511
143,9,1340,423
143,10,1491,790
143,11,1469,590
143,12,1401,541
143,13,1338,529
143,14,1573,831
143,15,1469,671
143,16,1316,713
143,17,1201,773
143,18,1635,905
143,19,1465,872
143,20,1334,928
143,21,1243,982
144,1,1503,1189
144,2,1368,1124
144,3,1268,1000
144,4,1204,888
144,5,1145,782
144,6,1396,788
144,7,1361,619
144,8,1341,514
144,9,1335,425
144,10,1489,790
144,11,1463,587
144,12,1392,535
144,13,1327,521
144,14,1571,829
144,15,1463,668
144,16,1309,712
144,17,1195,772
144,18,1633,902
144,19,1464,868
144,20,1333,924
144,21,1245,976
145,1,1505,1199
145,2,1370,1131
145,3,1273,1003
145,4,1207,890
145,5,1147,784
145,6,1400,795
145,7,1365,627
145,8,1340,523
145,9,1329,437
145,10,1492,795
145,11,1468,589
145,12,1399,516
145,13,1335,482
145,14,1574,832
145,15,1467,665
145,16,1312,707
145,17,1198,766
145,18,1635,904
145,19,1463,866
145,20,1333,921
145,21,1246,974
146,1,1491,1190
146,2,1362,1122
146,3,1269,993
146,4,1206,881
146,5,1145,779
146,6,1393,780
146,7,1360,611
146,8,1343,508
146,9,1340,421
146,10,1487,785
146,11,1458,586
146,12,1383,537
146,13,1314,525
146,14,1570,825
146,15,1466,664
146,16,1311,709
146,17,1196,770
146,18,1633,899
146,19,1463,864
146,20,1331,921
146,21,1243,975
147,1,1505,1195
147,2,1366,1126
147,3,1268,995
147,4,1201,880
147,5,1141,775
147,6,1394,786
147,7,1356,624
147,8,1331,527
147,9,1320,444
147,10,1487,786
147,11,1465,579
147,12,1407,488
147,13,1355,429
147,14,1569,825
147,15,1462,660
147,16,1308,706
147,17,1195,764
147,18,1631,900
147,19,1460,864
147,20,1332,919
147,21,1246,973
148,1,1490,1195
148,2,1361,1122
148,3,1272,990
148,4,1208,878
148,5,1147,776
148,6,1398,785
148,7,1363,623
148,8,1337,523
148,9,1322,440
148,10,1490,786
148,11,1475,579
148,12,1414,500
148,13,1353,459
148,14,1571,824
148,15,1469,659
148,16,1315,703
148,17,1200,761
148,18,1634,897
148,19,1464,860
148,20,1333,918
148,21,1244,973
149,1,1508,1198
149,2,1369,1128
149,3,1271,995
149,4,1207,879
149,5,1145,774
149,6,1394,783
149,7,1358,617
149,8,1336,516
149,9,1326,432
149,10,1486,785
149,11,1473,577
149,12,1417,495
149,13,1362,449
149,14,1570,824
149,15,1468,661
149,16,1315,704
149,17,1203,763
149,18,1633,898
149,19,1467,863
149,20,1339,918
149,21,1252,972
