Cycle,Plane,Landmark #1,Landmark #2,Landmark #3,Landmark #4,Landmark #5,Landmark #6,Landmark #7,Landmark #8,Landmark #9,Landmark #10,Landmark #11,Landmark #12,Landmark #13,Landmark #14,Landmark #15,Landmark #16,Landmark #17,Landmark #18,Landmark #19,Landmark #20,Correct?
1,x,-60,-85,-57,-44,54,-92,-62,-45,205,-95,-61,-50,222,-94,-57,-44,217,-71,-47,-38,No
1,y,8,-6,-24,-22,84,-51,-47,-45,144,-49,-47,-46,131,-38,-39,-42,97,-24,-25,-27,No
2,x,144,155,108,94,-218,95,64,59,-284,96,71,66,-313,87,69,67,-315,37,43,51,No
2,y,-15,70,76,33,73,100,57,43,-148,118,66,48,-212,120,63,42,-231,105,59,43,No
3,x,156,151,104,92,-205,102,68,63,-300,90,63,55,-292,71,60,59,-287,16,27,33,No
3,y,-8,80,80,36,65,97,55,47,-149,133,80,69,-263,132,82,71,-293,115,76,67,No
4,x,164,153,104,92,-224,95,59,52,-277,79,58,50,-269,59,54,51,-255,3,14,16,No
4,y,6,91,87,34,52,106,66,60,-174,139,85,73,-272,141,84,74,-303,112,79,72,No
5,x,162,154,99,97,-202,89,54,46,-269,73,52,45,-260,49,47,46,-240,-1,2,8,No
5,y,0,87,92,43,52,119,77,71,-208,147,92,79,-298,147,90,78,-325,117,80,70,No
6,x,161,151,100,96,-213,83,49,44,-257,64,50,46,-245,37,44,45,-212,1,4,9,No
6,y,9,90,86,47,49,125,80,75,-219,151,96,83,-307,149,94,78,-327,120,76,66,No
7,x,160,150,95,92,-212,78,49,46,-253,60,48,48,-239,35,42,46,-208,7,5,13,No
7,y,8,95,90,48,51,128,79,73,-224,151,96,85,-313,150,94,79,-329,122,74,67,No
8,x,160,151,99,93,-216,78,50,48,-257,67,51,48,-250,40,41,45,-214,11,5,12,No
8,y,5,96,93,55,49,130,77,73,-227,149,96,86,-315,150,93,82,-333,118,74,69,No
9,x,168,157,103,96,-222,83,48,44,-258,77,54,50,-272,52,48,50,-251,-6,6,14,No
9,y,-5,93,97,54,49,130,78,72,-228,150,96,85,-315,149,92,84,-333,115,77,78,No
10,x,166,150,99,97,-219,83,47,42,-256,80,57,51,-281,59,53,53,-268,-1,12,19,No
10,y,5,100,97,51,51,128,77,71,-226,150,93,80,-309,151,90,80,-332,118,80,78,No
11,x,182,153,94,96,-216,83,46,41,-256,82,56,51,-283,62,54,53,-273,6,14,18,No
11,y,-3,101,104,49,46,132,78,73,-229,153,94,80,-311,148,91,82,-332,113,79,79,No
12,x,185,155,94,96,-216,77,42,39,-241,72,51,48,-259,51,49,46,-246,5,13,17,No
12,y,-1,101,109,53,37,134,82,78,-239,151,95,84,-314,147,94,83,-334,114,76,74,No
13,x,177,152,93,96,-212,71,39,36,-230,66,49,45,-248,45,45,44,-232,3,7,12,No
13,y,-2,100,115,59,29,135,87,82,-246,156,98,86,-322,154,93,81,-337,122,78,72,No
14,x,177,155,91,92,-213,77,40,35,-240,68,45,41,-245,50,42,38,-234,-9,-3,0,No
14,y,-6,102,115,59,34,132,86,80,-241,159,97,86,-326,151,91,80,-333,114,76,71,No
15,x,174,159,92,96,-218,75,40,36,-232,65,44,40,-235,49,41,38,-224,21,17,18,No
15,y,-3,111,120,62,21,135,85,84,-245,154,100,91,-326,147,96,84,-334,123,77,71,No
16,x,168,156,91,94,-209,74,38,32,-224,61,43,39,-223,38,38,36,-198,10,7,11,No
16,y,-13,107,122,68,19,136,88,84,-242,156,98,88,-320,151,91,82,-330,112,68,66,No
17,x,162,154,90,95,-211,74,36,29,-223,65,45,37,-233,38,39,38,-204,12,8,15,No
17,y,-6,109,116,68,28,138,86,83,-248,156,98,90,-328,153,98,86,-348,107,64,61,No
18,x,165,149,92,96,-206,73,36,29,-229,61,42,37,-230,31,36,36,-198,-22,-24,-16,No
18,y,-7,107,114,67,34,140,90,81,-256,163,103,86,-339,154,95,82,-348,92,39,36,No
19,x,167,151,96,101,-215,77,42,35,-244,70,45,40,-248,30,35,40,-203,-11,-14,-4,No
19,y,3,109,110,64,33,136,85,83,-256,150,100,90,-333,137,84,73,-312,95,50,47,No
20,x,169,150,96,101,-205,79,41,40,-242,71,48,45,-249,32,45,48,-220,37,42,47,No
20,y,10,109,107,61,18,139,83,81,-264,126,82,76,-277,111,62,50,-232,101,57,46,No
21,x,171,144,94,103,-197,82,39,42,-242,63,54,56,-257,37,52,61,-242,33,37,44,No
21,y,14,114,106,59,15,139,82,80,-268,103,53,47,-195,105,51,37,-199,106,57,44,No
22,x,171,153,96,97,-209,76,36,41,-240,65,40,49,-243,31,39,50,-211,2,-2,8,No
22,y,16,115,108,60,-8,117,68,66,-195,116,63,60,-217,116,72,61,-249,81,31,28,No
23,x,170,161,104,102,-231,70,36,32,-217,71,51,50,-256,44,39,43,-217,-10,-17,-5,No
23,y,-16,101,105,50,-2,98,51,50,-122,137,81,82,-265,143,89,84,-312,97,47,47,No
24,x,170,161,104,102,-231,70,36,32,-217,71,51,50,-256,44,39,43,-217,-10,-17,-5,No
24,y,-16,101,105,50,-2,98,51,50,-122,137,81,82,-265,143,89,84,-312,97,47,47,No
25,x,130,136,99,103,-225,57,19,11,-153,71,55,50,-247,55,42,48,-216,43,35,40,No
25,y,-10,84,97,56,30,102,46,45,-106,146,101,95,-303,145,103,95,-337,128,81,71,No
26,x,119,117,92,97,-210,49,22,11,-154,62,55,46,-225,53,42,38,-182,36,30,36,No
26,y,-22,81,98,42,55,112,82,77,-182,159,113,95,-322,155,107,90,-339,141,92,76,No
27,x,133,131,100,105,-210,59,32,23,-188,61,34,30,-187,68,42,35,-195,57,35,31,No
27,y,-35,76,97,56,56,145,101,97,-262,168,114,109,-352,157,114,104,-364,137,91,90,No
28,x,139,125,83,92,-187,59,33,26,-217,32,-17,-25,-88,24,-10,-17,-88,6,-7,-16,No
28,y,12,96,94,29,71,152,107,91,-292,-4,-76,-44,131,2,-63,-40,89,11,-44,-30,No
29,x,123,112,76,93,-189,55,34,31,-217,2,-16,-21,-56,-4,-5,-12,-61,-15,-1,-10,No
29,y,1,93,93,34,78,149,104,94,-298,-21,-101,-54,173,-22,-86,-43,136,-6,-63,-32,No
30,x,140,104,68,85,-171,51,33,26,-210,49,-7,-31,-102,41,4,-24,-100,21,7,-15,No
30,y,-5,89,102,43,43,148,105,91,-283,-13,-80,-44,138,-16,-65,-41,105,-5,-53,-35,No
31,x,130,112,78,86,-195,52,23,16,-177,59,17,-5,-154,33,9,-9,-107,15,4,-10,No
31,y,3,92,104,42,-3,127,73,52,-198,112,17,2,-110,95,-1,-9,-81,79,0,-9,No
32,x,136,105,76,83,-199,83,18,-19,-155,85,13,-27,-138,75,14,-20,-131,69,17,-16,No
32,y,12,85,99,53,-12,91,-39,-57,36,71,-55,-55,44,62,-50,-49,33,52,-33,-35,No
33,x,68,47,42,57,-146,-19,10,7,-59,-21,19,11,-64,-20,20,13,-62,-16,21,15,No
33,y,28,61,41,8,46,16,-33,-31,42,6,-47,-34,54,1,-44,-29,42,-3,-32,-22,No
34,x,138,111,82,77,-171,61,-10,-30,-102,64,-5,-26,-111,54,3,-21,-109,48,9,-18,No
34,y,-28,61,91,54,5,85,-48,-68,99,90,-62,-64,72,78,-60,-57,54,48,-42,-40,No
35,x,94,104,71,75,-126,60,-26,-40,-72,42,-13,-22,-83,17,-10,-16,-63,12,-8,-13,No
35,y,-28,69,78,58,10,102,-44,-77,85,130,-60,-75,35,105,-70,-67,40,71,-39,-47,No
36,x,101,104,81,76,-135,91,13,-32,-136,47,31,-8,-138,31,6,-17,-93,14,0,-16,No
36,y,-31,63,81,52,24,76,1,-54,50,134,6,-48,-58,106,-19,-43,-35,82,2,-22,No
37,x,95,92,65,69,-104,76,22,-18,-155,43,31,-8,-141,16,7,-10,-92,5,-5,-10,No
37,y,-16,67,75,38,52,87,12,-54,14,147,27,-46,-113,123,22,-21,-134,96,32,-1,No
38,x,131,103,73,81,-127,91,45,24,-234,54,41,28,-192,30,24,15,-141,17,7,11,No
38,y,-42,62,87,37,59,89,35,-22,-25,143,50,-12,-159,114,50,12,-179,95,49,24,No
39,x,130,110,68,84,-117,90,62,55,-282,54,38,34,-205,50,47,39,-221,17,16,17,No
39,y,-38,58,76,32,90,87,56,53,-111,134,78,62,-246,130,71,61,-263,101,52,47,No
40,x,122,109,72,83,-121,101,68,57,-307,44,29,20,-183,19,-16,-20,-70,6,-7,-12,No
40,y,-14,57,68,23,120,105,77,69,-185,161,109,86,-343,131,23,14,-189,89,7,1,No
41,x,130,121,60,70,-94,98,62,52,-303,70,-37,-55,-73,55,-18,-41,-87,36,-3,-28,No
41,y,-18,54,61,7,163,118,87,79,-236,-19,-86,-44,156,-16,-75,-39,120,8,-48,-28,No
42,x,122,121,70,85,-146,83,55,47,-276,71,-34,-53,-81,54,-13,-37,-101,38,6,-24,No
42,y,-6,72,69,15,149,128,94,80,-264,-16,-91,-44,145,-13,-78,-40,104,8,-48,-29,No
43,x,129,122,78,89,-193,63,52,48,-248,35,-18,-28,-80,25,-7,-20,-87,12,4,-13,No
43,y,1,80,73,22,141,139,93,79,-282,31,-74,-51,87,31,-72,-52,69,44,-31,-27,No
44,x,106,108,86,94,-222,42,60,65,-224,42,93,79,-276,52,40,8,-158,47,30,2,No
44,y,16,95,78,42,100,138,69,38,-232,178,50,2,-249,112,-38,-43,-72,69,-21,-29,No
45,x,132,116,89,93,-242,45,90,62,-278,42,85,28,-227,49,69,9,-192,51,59,14,No
45,y,15,104,97,64,38,176,30,-23,-163,196,-53,-88,-67,135,-68,-69,-26,93,-38,-55,No
46,x,130,108,67,61,-181,90,63,4,-245,53,84,14,-230,53,67,-3,-186,65,49,-7,No
46,y,27,93,89,79,57,130,-11,-45,-51,148,-92,-94,21,101,-103,-84,43,54,-59,-61,No
47,x,123,125,69,32,-97,65,52,4,-214,48,49,-5,-183,52,33,-17,-157,60,33,-14,No
47,y,13,87,101,104,1,126,-13,-51,-29,142,-100,-87,44,70,-108,-72,83,33,-64,-54,No
48,x,122,125,54,-4,-22,66,12,-20,-150,35,23,-5,-152,23,19,-9,-136,23,24,-2,No
48,y,11,96,112,112,-56,134,-17,-50,-21,158,-86,-92,33,116,-102,-81,58,78,-58,-60,No
49,x,91,67,0,-26,22,42,-25,-34,-71,20,-9,-16,-72,21,-3,-10,-75,22,-1,-10,No
49,y,-14,31,53,73,72,-11,-87,-33,156,12,-118,-39,138,-24,-105,-30,136,-37,-75,-17,No
50,x,133,126,55,-22,-6,70,15,-20,-152,60,27,-16,-165,48,14,-30,-132,53,18,-23,No
50,y,-3,91,122,110,-66,132,-38,-66,22,153,-88,-95,53,113,-114,-91,97,69,-67,-64,No
51,x,133,126,55,-22,-6,70,15,-20,-152,60,27,-16,-165,48,14,-30,-132,53,18,-23,No
51,y,-3,91,122,110,-66,132,-38,-66,22,153,-88,-95,53,113,-114,-91,97,69,-67,-64,No
52,x,127,113,26,-34,35,71,44,-14,-184,47,50,-15,-167,40,41,-30,-144,33,62,15,No
52,y,-5,90,114,112,-41,129,-31,-73,41,167,-35,-79,-26,143,-36,-76,-23,125,5,-52,No
53,x,154,126,57,-10,-21,85,54,11,-242,51,58,10,-206,23,37,-7,-148,4,29,11,No
53,y,-2,90,122,112,-20,115,33,-41,-35,158,57,-40,-156,150,57,-35,-180,109,59,-5,No
54,x,150,127,49,27,-63,82,57,52,-273,44,42,42,-213,13,29,35,-166,3,10,19,No
54,y,7,93,108,97,19,101,37,10,-81,150,66,30,-226,142,79,53,-288,100,51,37,No
55,x,158,149,74,67,-86,98,62,64,-306,63,47,51,-249,29,27,36,-180,24,11,17,No
55,y,-33,64,101,88,49,106,57,56,-135,154,93,83,-296,148,96,86,-330,119,71,64,No
56,x,138,125,65,89,-101,99,63,56,-293,61,41,42,-225,23,19,26,-153,-8,-16,-4,No
56,y,-12,76,93,70,72,108,71,73,-169,172,108,96,-352,167,108,94,-384,118,56,52,No
57,x,144,133,79,98,-108,100,59,53,-291,64,42,41,-231,17,16,23,-140,-10,-18,-7,No
57,y,-28,68,90,52,99,122,78,81,-196,180,110,101,-363,168,113,99,-393,112,51,45,No
58,x,139,140,91,101,-144,93,58,47,-286,61,43,37,-238,30,19,22,-172,-40,-44,-31,No
58,y,-32,60,77,46,140,122,83,80,-207,179,113,101,-375,171,111,98,-406,108,49,42,No
59,x,157,161,101,99,-169,85,45,36,-251,66,44,36,-247,41,25,25,-202,-31,-25,-16,No
59,y,-24,65,70,24,156,120,82,79,-207,177,110,98,-363,169,105,94,-389,125,82,75,No
60,x,156,146,98,98,-186,75,36,26,-223,74,47,37,-259,48,34,33,-230,-31,-17,-9,No
60,y,-10,69,71,23,161,111,77,74,-193,168,107,100,-356,164,103,95,-385,125,86,80,No
61,x,150,137,102,97,-205,69,40,37,-224,69,52,45,-259,46,39,40,-234,-44,-28,-19,No
61,y,3,66,59,27,164,108,65,60,-174,170,106,96,-358,167,107,97,-395,127,89,82,No
62,x,148,146,99,93,-192,66,34,25,-202,62,52,46,-250,27,31,42,-199,-12,-7,9,No
62,y,-3,67,58,25,165,112,14,-17,-54,162,101,73,-332,145,65,37,-279,109,36,13,No
63,x,136,146,108,94,-215,80,66,36,-257,44,81,45,-259,54,76,38,-268,53,55,31,No
63,y,15,82,65,31,124,130,-11,-56,-24,206,27,-17,-223,171,-88,-91,-27,88,-74,-79,No
64,x,134,141,102,87,-181,77,58,14,-221,58,79,27,-245,101,42,-10,-226,100,31,-12,No
64,y,22,87,74,68,55,142,-21,-58,-21,202,-37,-75,-83,115,-118,-95,77,-8,-94,-59,No
65,x,137,138,83,54,-155,67,53,9,-198,100,10,-30,-151,98,-25,-47,-104,94,-14,-43,No
65,y,39,90,84,94,40,128,-50,-62,9,78,-135,-44,103,-19,-131,-13,147,-49,-93,1,No
66,x,152,134,75,20,-127,102,-23,-39,-107,105,-36,-45,-97,104,-38,-45,-96,102,-22,-46,No
66,y,54,102,96,105,7,67,-117,-42,112,36,-146,-12,124,-16,-137,5,136,-33,-94,10,No
67,x,151,131,79,17,-129,113,-45,-52,-80,118,-57,-58,-76,108,-52,-51,-81,98,-25,-44,No
67,y,56,92,86,102,19,29,-112,-29,134,23,-143,-10,137,-17,-137,2,143,-37,-93,7,No
68,x,150,125,67,23,-100,87,-39,-48,-62,97,-38,-55,-84,97,-27,-50,-111,84,2,-37,No
68,y,43,97,80,87,-4,68,-111,-41,112,90,-139,-36,97,84,-136,-37,85,37,-96,-31,No
69,x,126,134,85,47,-139,94,42,-13,-174,110,34,-33,-184,92,32,-31,-184,70,40,-13,No
69,y,7,80,65,68,36,91,-39,-54,48,129,-64,-72,31,144,-73,-74,10,111,-53,-72,No
70,x,136,139,97,93,-168,116,62,33,-260,88,80,44,-289,65,71,52,-281,16,47,50,No
70,y,-1,43,47,49,106,42,-39,-61,120,113,17,-54,-51,126,26,-44,-109,118,41,-21,No
71,x,139,142,111,106,-171,123,84,76,-340,74,74,67,-290,44,70,73,-278,-9,34,51,No
71,y,-17,21,19,7,189,36,17,0,15,123,40,-12,-123,119,42,2,-171,105,58,28,No
72,x,140,140,109,95,-159,126,82,75,-339,75,65,66,-279,51,61,65,-258,-3,22,31,No
72,y,-13,19,4,-9,217,56,35,30,-58,129,62,38,-204,129,64,46,-250,115,76,65,No
73,x,136,136,98,74,-123,120,75,67,-320,62,50,48,-228,46,55,56,-227,3,17,23,No
73,y,-15,16,-12,-18,257,67,43,41,-101,148,80,65,-283,155,84,74,-338,120,80,77,No
74,x,138,127,87,75,-108,100,62,61,-282,50,44,48,-211,38,42,49,-198,18,28,34,No
74,y,-16,21,-11,-6,267,87,56,49,-155,157,94,82,-340,154,96,90,-380,113,75,78,No
75,x,-42,4,37,39,-56,7,21,26,14,49,56,54,-98,56,45,40,-84,89,65,54,No
75,y,31,49,45,39,6,72,48,51,-154,127,83,76,-298,116,91,76,-316,71,48,49,No
76,x,144,117,63,14,-16,108,53,42,-255,72,41,33,-211,77,37,34,-212,68,52,46,No
76,y,12,75,74,81,-30,104,65,57,-192,168,103,87,-364,135,74,68,-310,64,53,58,No
77,x,140,139,90,62,-119,112,66,55,-290,83,74,59,-286,112,103,73,-357,98,52,30,No
77,y,-14,47,37,30,123,104,52,40,-156,182,102,74,-349,98,-27,-30,-66,-2,-73,-66,No
78,x,151,149,107,76,-147,114,71,61,-307,109,103,75,-353,143,63,28,-297,92,25,5,No
78,y,-12,23,-10,6,213,92,49,32,-127,142,24,-13,-143,28,-112,-99,159,-87,-93,-65,No
79,x,148,156,122,96,-199,100,71,48,-280,85,80,35,-268,129,42,2,-244,101,17,-10,No
79,y,-3,56,29,10,153,90,27,-8,-64,159,3,-49,-102,58,-109,-96,132,-39,-91,-69,No
80,x,151,136,103,88,-192,108,56,11,-230,88,68,13,-228,134,13,-32,-179,123,-3,-40,No
80,y,7,91,75,59,33,96,4,-33,-22,165,-18,-53,-81,89,-107,-77,88,-8,-84,-45,No
81,x,142,126,80,63,-143,80,36,-12,-149,97,27,-31,-151,122,-5,-50,-136,115,-8,-53,No
81,y,31,82,78,82,-5,119,-53,-52,21,146,-86,-64,21,89,-110,-54,75,9,-82,-27,No
82,x,146,121,76,50,-133,75,26,-20,-118,88,32,-16,-155,111,14,-34,-154,117,0,-46,No
82,y,32,79,85,92,-31,111,-60,-59,41,145,-75,-67,17,132,-99,-77,52,43,-84,-57,No
83,x,148,111,70,38,-111,71,14,-30,-93,82,19,-32,-120,90,26,-32,-146,95,35,-22,No
83,y,39,65,77,92,-14,94,-64,-65,66,127,-85,-75,53,149,-89,-87,33,101,-69,-82,No
84,x,146,118,74,50,-122,69,49,14,-170,48,55,11,-168,41,64,18,-191,47,70,37,No
84,y,25,57,68,78,13,48,-19,-43,63,136,-14,-62,-40,139,-15,-58,-67,108,0,-39,No
85,x,131,125,84,54,-127,86,53,23,-196,54,68,34,-204,40,77,47,-224,46,68,53,No
85,y,10,46,56,74,38,31,-16,-43,78,135,2,-58,-59,135,3,-47,-97,105,22,-18,No
86,x,142,127,85,77,-143,105,62,41,-244,61,70,60,-242,58,68,57,-237,58,59,57,No
86,y,4,46,49,60,65,31,-19,-45,78,129,31,-13,-133,122,42,8,-183,100,57,39,No
87,x,146,130,96,97,-174,104,69,56,-266,62,80,75,-268,66,83,73,-275,67,65,66,No
87,y,2,54,45,42,87,31,-15,-31,60,139,42,10,-182,133,36,8,-193,97,43,25,No
88,x,150,133,96,97,-184,108,79,64,-292,82,89,74,-297,85,100,79,-317,99,87,77,No
88,y,8,63,41,31,94,52,3,-11,-7,152,26,-6,-168,151,28,-2,-196,89,13,-7,No
89,x,150,129,103,97,-199,99,74,64,-282,70,80,67,-271,107,104,74,-339,116,78,53,No
89,y,18,63,39,22,109,78,17,2,-61,158,30,-9,-173,134,-38,-58,-56,61,-37,-46,No
90,x,152,130,100,88,-200,94,78,55,-277,62,88,48,-250,97,83,33,-260,110,66,29,No
90,y,13,63,43,29,93,84,7,-12,-41,182,-4,-53,-118,134,-63,-73,-15,53,-55,-58,No
91,x,157,141,103,91,-202,94,79,46,-268,68,80,34,-238,80,83,30,-246,92,78,38,No
91,y,11,69,47,32,81,82,-8,-24,-16,160,-33,-64,-55,144,-52,-65,-43,69,-36,-45,No
92,x,158,130,100,91,-200,90,65,33,-240,54,58,26,-196,75,71,21,-218,99,67,25,No
92,y,18,66,53,35,75,71,-6,-35,7,138,-6,-46,-75,146,-33,-62,-62,72,-38,-53,No
93,x,138,132,103,93,-199,87,57,16,-210,53,54,11,-173,76,55,-2,-183,93,56,8,No
93,y,3,64,52,34,82,80,-26,-53,38,150,-31,-59,-46,145,-60,-70,-20,89,-47,-61,No
94,x,139,130,100,87,-190,83,55,7,-191,46,62,14,-174,56,61,4,-173,70,65,18,No
94,y,-4,62,50,30,92,69,-30,-58,62,138,-30,-61,-29,139,-39,-61,-40,97,-25,-50,No
95,x,141,126,98,92,-194,84,51,15,-193,45,62,30,-186,51,68,26,-193,64,74,42,No
95,y,1,55,46,32,95,68,-37,-62,73,138,-25,-54,-41,135,-38,-59,-37,97,-19,-42,No
96,x,141,131,102,95,-198,84,46,21,-188,69,66,37,-218,49,78,46,-221,60,75,54,No
96,y,-7,54,43,22,111,60,-32,-55,67,99,-37,-71,28,121,-16,-52,-52,89,4,-24,No
97,x,135,127,101,96,-196,88,50,23,-198,71,66,40,-222,54,75,50,-226,61,75,62,No
97,y,-6,50,33,20,130,68,-33,-61,60,103,-23,-66,2,120,-2,-42,-78,87,19,-8,No
98,x,134,129,104,95,-191,97,56,30,-220,69,77,58,-250,64,85,64,-259,71,75,66,No
98,y,-10,40,27,14,144,75,-23,-50,34,125,5,-35,-80,126,10,-27,-115,88,24,3,No
99,x,140,131,105,100,-197,104,69,65,-275,80,78,78,-282,84,85,78,-295,82,71,70,No
99,y,-9,35,18,8,169,51,12,2,-32,104,33,17,-146,115,40,23,-188,86,39,30,No
100,x,141,132,104,97,-200,109,74,67,-292,82,78,72,-281,86,92,78,-300,89,80,75,No
100,y,-7,35,7,3,193,56,30,25,-75,136,50,23,-204,126,40,20,-205,85,36,25,No
101,x,153,136,105,96,-199,105,66,62,-279,102,77,71,-305,88,83,74,-296,112,86,77,No
101,y,8,41,9,5,173,72,35,32,-104,112,44,27,-175,130,55,33,-226,72,13,5,No
102,x,154,132,99,91,-199,92,64,60,-263,88,82,70,-295,94,99,76,-320,121,85,61,No
102,y,11,54,22,13,145,83,40,30,-122,126,21,-4,-135,146,29,4,-187,66,-28,-38,No
103,x,144,135,107,93,-203,109,65,60,-286,63,70,66,-259,110,99,72,-336,125,73,45,No
103,y,1,61,34,19,123,83,49,37,-134,150,46,7,-193,126,-26,-48,-61,48,-50,-57,No
104,x,150,128,104,90,-206,105,70,58,-281,59,75,52,-236,107,92,45,-285,121,58,16,No
104,y,3,56,33,22,119,90,49,42,-147,165,21,-23,-151,131,-55,-69,-13,56,-64,-68,No
105,x,152,132,98,87,-195,87,75,58,-267,66,81,40,-235,92,76,21,-232,107,56,5,No
105,y,-1,55,34,21,125,95,37,37,-138,165,-15,-47,-94,133,-65,-68,-7,82,-57,-67,No
106,x,152,130,95,82,-191,81,78,59,-262,62,83,39,-228,85,76,20,-222,102,55,2,No
106,y,2,55,34,18,128,91,22,14,-97,171,-13,-51,-96,142,-61,-68,-17,85,-55,-65,No
107,x,159,130,93,81,-200,78,74,54,-244,64,91,53,-250,87,90,39,-251,104,59,12,No
107,y,5,58,36,18,127,83,6,-13,-47,155,-1,-44,-100,142,-46,-64,-38,84,-56,-70,No
108,x,167,122,89,85,-193,61,74,61,-230,60,95,68,-259,76,104,68,-278,102,91,61,No
108,y,10,53,30,23,125,102,23,-3,-97,157,13,-30,-131,143,-10,-44,-94,85,-19,-40,No
109,x,173,115,88,93,-184,74,57,42,-204,69,80,72,-260,68,84,73,-264,89,81,78,No
109,y,7,40,26,25,127,81,-13,-40,4,131,42,19,-188,134,46,14,-204,96,33,17,No
110,x,165,117,89,94,-180,63,51,42,-188,61,73,69,-243,70,77,71,-256,90,76,74,No
110,y,3,44,27,22,135,98,5,-21,-53,138,55,33,-223,138,59,31,-241,97,41,29,No
111,x,171,120,90,94,-177,73,49,39,-193,70,71,65,-246,69,72,65,-243,92,73,72,No
111,y,0,39,23,22,131,92,-10,-36,-14,134,59,40,-230,140,70,44,-267,95,43,35,No
112,x,173,117,88,98,-181,68,55,44,-198,67,71,65,-240,77,75,68,-255,101,81,76,No
112,y,7,43,23,20,138,105,20,-7,-91,140,60,37,-235,140,70,44,-269,88,35,28,No
113,x,164,137,93,95,-189,59,40,36,-167,76,62,63,-239,106,93,85,-318,126,87,77,No
113,y,-8,51,30,23,129,117,70,55,-214,137,67,49,-247,126,56,30,-220,79,26,15,No
114,x,151,142,94,94,-201,56,43,43,-175,109,89,80,-317,108,92,81,-314,126,93,84,No
114,y,-3,60,32,20,136,127,75,56,-233,107,44,19,-169,130,63,30,-237,51,1,-9,No
115,x,147,135,99,94,-206,73,55,45,-213,67,74,71,-252,135,100,70,-337,142,72,42,No
115,y,-1,62,45,29,101,115,61,42,-190,159,66,38,-254,109,-33,-51,-31,24,-43,-44,No
116,x,148,126,101,91,-193,71,56,45,-219,62,77,45,-229,124,80,31,-274,130,47,4,No
116,y,7,65,46,23,83,127,57,37,-190,166,19,-27,-150,108,-61,-73,20,18,-62,-55,No
117,x,150,125,98,85,-199,79,65,44,-235,84,58,20,-209,117,54,0,-211,133,30,-28,No
117,y,5,62,43,33,90,103,57,52,-181,158,-21,-45,-77,134,-64,-64,-5,36,-71,-61,No
118,x,156,130,99,86,-203,95,64,52,-258,93,62,31,-236,111,37,-11,-181,124,27,-28,No
118,y,4,58,47,35,81,84,53,50,-149,126,3,-18,-93,133,-63,-68,0,52,-63,-62,No
119,x,152,133,101,88,-190,103,71,57,-278,88,54,21,-216,103,38,-16,-174,115,32,-26,No
119,y,-3,50,47,32,80,69,40,41,-109,113,-16,-34,-43,125,-61,-63,1,52,-58,-56,No
120,x,140,133,97,89,-183,104,78,62,-288,80,52,11,-192,94,46,-10,-177,96,53,2,No
120,y,-8,56,48,29,75,62,23,23,-64,122,-32,-57,-10,125,-59,-68,7,65,-45,-54,No
121,x,143,131,97,89,-186,105,84,62,-290,75,67,22,-206,88,65,6,-199,90,72,21,No
121,y,-6,51,45,33,78,54,4,-3,-14,124,-33,-61,-9,121,-61,-71,14,71,-38,-50,No
122,x,142,128,98,91,-173,97,72,64,-263,87,80,57,-265,80,88,57,-268,90,84,60,No
122,y,-9,42,37,36,95,44,-10,-26,33,95,-19,-58,2,112,-14,-48,-49,73,-1,-24,No
123,x,152,123,93,92,-177,99,64,47,-236,92,85,64,-278,90,94,70,-293,98,82,70,No
123,y,-6,38,35,32,104,55,-23,-43,50,105,3,-30,-62,118,15,-18,-115,75,16,0,No
124,x,156,124,92,92,-171,94,57,40,-215,85,83,69,-273,91,86,69,-282,97,76,71,No
124,y,-11,33,27,28,122,65,-32,-51,55,119,44,23,-176,114,40,16,-177,81,35,24,No
125,x,156,124,92,92,-171,94,57,40,-215,85,83,69,-273,91,86,69,-282,97,76,71,No
125,y,-11,33,27,28,122,65,-32,-51,55,119,44,23,-176,114,40,16,-177,81,35,24,No
126,x,173,114,87,94,-173,88,48,31,-187,83,78,61,-248,87,82,64,-254,89,73,67,No
126,y,-3,33,16,20,139,82,-22,-44,15,132,55,34,-217,128,61,38,-241,90,41,36,No
127,x,47,55,53,42,-106,78,52,42,-166,89,61,51,-195,87,60,49,-189,66,48,39,No
127,y,66,63,24,13,3,38,20,20,-106,41,27,24,-134,30,24,22,-127,-6,-9,-6,No
128,x,178,115,85,89,-176,79,53,45,-191,89,72,58,-235,98,78,61,-243,97,73,62,No
128,y,-3,31,9,15,143,85,41,31,-132,128,60,46,-231,126,59,42,-241,86,40,37,No
129,x,42,54,51,42,-99,68,53,33,-143,86,56,43,-177,80,51,40,-160,62,42,36,No
129,y,96,49,11,6,21,33,12,9,-77,40,30,27,-135,38,37,32,-153,7,0,3,No
130,x,169,123,84,85,-181,75,51,43,-183,88,63,51,-217,108,75,62,-252,108,72,64,No
130,y,-2,34,10,12,140,87,51,43,-153,116,61,48,-223,111,56,41,-226,67,37,36,No
131,x,34,48,59,39,-94,62,41,34,-126,90,57,48,-190,65,34,28,-126,66,35,31,No
131,y,80,47,11,11,15,50,28,28,-141,36,27,28,-136,4,10,15,-73,-13,-16,-10,No
132,x,161,115,85,83,-188,68,52,35,-166,94,60,49,-212,127,92,75,-293,118,76,68,No
132,y,-1,35,19,17,133,94,59,44,-172,120,65,54,-235,97,49,36,-193,52,26,26,No
133,x,39,53,56,45,-99,57,39,37,-128,100,63,53,-214,79,52,42,-173,75,43,37,No
133,y,71,40,12,7,17,60,35,33,-157,26,22,23,-109,1,7,11,-56,5,1,4,No
134,x,154,117,86,86,-189,60,49,32,-157,88,57,49,-207,135,95,79,-314,128,80,69,No
134,y,2,38,23,20,133,100,68,53,-199,121,71,60,-253,93,41,29,-176,42,13,14,No
135,x,56,75,72,59,-152,53,38,36,-125,103,69,60,-235,86,53,46,-189,73,46,40,No
135,y,47,24,-13,-8,92,68,42,37,-175,29,15,16,-100,3,5,7,-55,11,8,11,No
136,x,140,129,90,92,-198,59,48,33,-164,79,54,51,-204,131,100,87,-333,138,88,75,No
136,y,-4,52,37,32,113,108,74,59,-218,121,73,60,-252,94,37,24,-167,36,6,5,No
137,x,57,61,61,56,-128,62,42,40,-145,100,71,66,-244,93,68,57,-225,70,38,35,No
137,y,51,35,6,6,42,76,43,40,-182,47,24,20,-131,6,-4,-3,-48,6,6,8,No
138,x,143,127,88,90,-206,70,51,41,-190,65,50,49,-192,140,109,89,-363,148,90,72,No
138,y,1,55,40,33,104,98,63,49,-186,136,84,64,-280,87,18,6,-119,33,-11,-11,No
139,x,63,60,50,43,-91,53,38,35,-138,92,66,60,-236,110,92,78,-297,102,65,56,No
139,y,26,40,25,19,32,82,44,40,-173,45,18,15,-102,25,17,15,-93,-5,-3,6,No
140,x,143,120,89,88,-209,76,50,43,-203,66,59,58,-222,133,109,88,-368,146,92,71,No
140,y,2,59,38,36,94,81,45,36,-135,135,76,56,-258,104,0,-14,-90,35,-26,-29,No
141,x,146,116,91,87,-203,79,60,57,-234,87,84,78,-295,110,102,83,-337,131,77,51,No
141,y,1,63,39,32,89,85,32,22,-114,107,13,-11,-98,120,-3,-24,-90,48,-43,-50,No
142,x,136,117,93,88,-199,95,63,55,-256,59,66,61,-236,106,96,62,-307,121,56,21,No
142,y,6,63,50,42,71,79,40,33,-121,143,53,28,-213,113,-44,-52,-17,54,-61,-66,No
143,x,135,120,91,83,-202,93,69,59,-268,68,68,60,-247,116,80,45,-286,131,43,4,No
143,y,6,71,57,45,61,79,37,31,-115,141,43,22,-193,118,-54,-55,-9,32,-71,-61,No
144,x,135,118,88,73,-197,95,71,62,-275,63,71,64,-248,109,68,36,-257,129,32,-7,No
144,y,8,73,58,52,49,78,39,31,-117,147,53,29,-216,124,-64,-65,4,33,-77,-68,No
145,x,126,119,87,72,-189,93,68,62,-272,58,69,60,-241,107,54,23,-240,121,21,-18,No
145,y,6,74,60,49,55,79,39,26,-113,148,51,26,-215,110,-76,-67,26,36,-78,-66,No
146,x,123,119,83,71,-185,88,68,63,-271,54,76,67,-255,108,44,7,-223,117,14,-30,No
146,y,7,78,63,47,64,80,39,23,-113,150,48,27,-219,112,-90,-71,36,39,-79,-60,No
147,x,124,125,82,71,-187,97,69,68,-288,69,81,73,-288,116,31,0,-219,116,7,-31,No
147,y,12,89,62,47,56,88,34,9,-100,151,47,19,-210,103,-96,-75,54,21,-86,-60,No
148,x,129,123,84,75,-180,105,75,75,-319,78,91,78,-319,124,22,-7,-218,110,7,-29,No
148,y,16,91,66,47,56,86,28,4,-84,151,31,1,-178,85,-110,-74,81,8,-91,-51,No
149,x,122,129,84,80,-182,90,68,61,-289,61,61,43,-241,95,50,12,-239,87,24,-12,No
149,y,15,94,74,50,53,89,43,31,-133,151,16,-15,-150,104,-85,-74,35,24,-82,-61,No
150,x,128,133,89,83,-186,80,74,56,-279,39,57,21,-196,43,61,9,-199,45,56,10,No
150,y,15,97,80,42,56,87,47,37,-137,162,-10,-50,-102,150,-55,-68,-56,102,-52,-71,No
151,x,138,131,92,88,-190,81,67,51,-272,31,53,21,-188,18,61,14,-184,23,59,21,No
151,y,16,97,86,44,48,84,51,32,-125,148,10,-44,-109,148,-30,-66,-76,115,-17,-57,No
152,x,142,128,89,90,-200,83,69,54,-278,36,53,24,-195,11,60,25,-188,1,58,36,No
152,y,24,99,92,40,41,80,49,31,-115,146,10,-48,-99,139,-9,-57,-93,117,3,-50,No
153,x,142,137,97,93,-216,85,62,57,-274,34,45,31,-191,15,44,30,-179,-16,39,38,No
153,y,20,94,86,39,48,68,45,34,-94,146,31,-31,-131,128,12,-44,-112,119,11,-45,No
154,x,140,128,88,93,-211,79,60,47,-255,33,54,32,-202,13,36,29,-167,-28,27,36,No
154,y,5,94,87,46,54,62,35,2,-39,146,42,-40,-136,152,34,-42,-161,126,29,-39,No
155,x,146,128,85,91,-215,79,60,47,-253,44,57,49,-233,22,44,55,-211,-36,18,46,No
155,y,13,109,91,44,54,72,9,-28,6,129,60,-9,-169,140,57,7,-226,109,60,30,No
156,x,155,128,80,88,-204,75,54,46,-243,56,59,60,-257,32,51,59,-231,-23,7,24,No
156,y,13,108,98,49,43,86,-16,-40,29,127,59,36,-210,130,63,50,-263,106,72,68,No
157,x,152,117,78,86,-191,79,56,43,-241,56,67,66,-265,40,60,62,-243,-14,14,26,No
157,y,21,99,92,57,55,97,-32,-54,41,134,47,18,-189,139,67,47,-271,120,81,72,No
158,x,150,105,66,84,-180,63,58,43,-218,30,62,58,-207,26,57,57,-200,12,31,36,No
158,y,19,96,97,74,63,114,-32,-56,6,157,50,20,-232,155,68,43,-297,125,80,70,No
159,x,146,92,64,63,-163,71,67,23,-221,16,86,61,-219,7,92,72,-212,44,75,68,No
159,y,48,96,74,73,65,104,-66,-90,80,179,12,-36,-166,191,31,-16,-249,104,37,16,No
160,x,155,82,76,79,-255,23,90,63,-205,14,100,72,-191,87,124,90,-274,126,97,73,No
160,y,67,94,47,49,86,150,42,-13,-177,196,34,-20,-242,161,23,-15,-226,55,5,-4,No
161,x,162,82,67,56,-235,15,75,50,-159,14,99,65,-171,121,132,85,-304,152,105,65,No
161,y,73,88,43,39,61,150,40,-5,-182,199,29,-27,-233,127,10,-21,-173,29,-5,-11,No
162,x,49,55,78,62,-163,54,98,61,-205,56,108,69,-196,153,119,69,-288,164,82,45,No
162,y,113,90,54,32,-1,178,35,-19,-194,205,43,-22,-267,124,-6,-30,-151,12,-32,-36,No
163,x,32,70,100,77,-194,60,94,62,-201,59,115,73,-206,171,90,31,-252,176,55,9,No
163,y,133,81,31,2,38,176,45,-11,-216,208,41,-24,-270,117,-40,-46,-94,-5,-43,-35,No
164,x,19,74,100,78,-196,84,103,72,-233,76,122,75,-226,178,82,22,-240,171,47,0,No
164,y,145,84,32,-6,46,169,50,-5,-227,200,38,-23,-265,92,-52,-52,-55,-23,-45,-29,No
165,x,0,64,90,67,-153,85,103,66,-223,90,121,63,-221,179,76,7,-216,162,23,-27,No
165,y,155,97,51,14,3,178,61,1,-261,198,46,-21,-274,88,-39,-37,-81,-3,-37,-21,No
166,x,-2,58,88,64,-148,77,86,63,-185,86,112,64,-195,157,63,5,-164,137,12,-30,No
166,y,165,112,57,17,-12,170,82,25,-318,192,56,-17,-291,116,-17,-30,-135,46,-20,-22,No
167,x,-1,67,99,74,-174,99,81,60,-182,83,104,64,-173,147,40,-11,-109,110,-10,-44,No
167,y,167,109,37,-2,25,166,95,42,-345,199,63,-8,-314,117,-21,-32,-134,67,-21,-26,No
168,x,0,74,112,84,-182,114,80,67,-199,88,98,71,-183,161,16,-24,-93,110,-21,-45,No
168,y,174,117,31,-12,31,157,95,55,-361,195,80,18,-364,128,-19,-36,-148,90,-11,-21,No
169,x,-12,66,109,85,-146,127,79,69,-201,92,84,68,-174,147,27,-6,-120,95,-16,-36,No
169,y,170,123,55,10,-24,153,93,59,-363,192,92,33,-392,141,9,-27,-200,109,8,-13,No
170,x,-15,60,106,86,-124,130,81,72,-206,109,80,63,-183,130,66,37,-188,75,-15,-29,No
170,y,171,116,55,16,-24,141,82,57,-335,175,91,50,-388,126,46,15,-267,89,15,0,No
171,x,-28,50,93,55,-44,135,83,73,-208,110,76,64,-187,127,75,51,-217,75,3,-8,No
171,y,155,125,99,76,-130,144,76,57,-333,180,95,58,-402,124,67,32,-304,102,36,16,No
172,x,-33,45,92,53,-21,141,92,80,-230,118,69,58,-185,135,76,52,-230,100,46,29,No
172,y,150,131,101,75,-141,139,74,56,-323,182,102,70,-417,140,85,55,-353,113,67,54,No
173,x,-23,48,90,49,-8,145,89,73,-225,143,78,60,-225,134,60,32,-195,100,35,15,No
173,y,155,132,99,77,-146,141,84,68,-354,156,93,69,-385,124,85,58,-338,106,65,54,No
174,x,-23,51,83,35,11,127,73,57,-186,149,78,64,-244,134,62,37,-208,101,41,26,No
174,y,162,129,95,76,-143,152,93,75,-385,156,89,68,-382,140,101,75,-389,117,75,71,No
175,x,-19,52,78,34,12,116,65,55,-170,136,70,58,-217,126,52,26,-172,100,44,26,No
175,y,159,128,89,76,-140,156,99,80,-394,161,89,66,-378,142,91,62,-364,117,77,74,No
176,x,-2,66,73,34,-11,114,64,50,-172,137,68,59,-216,131,42,14,-154,106,52,36,No
176,y,161,121,87,73,-131,156,109,86,-409,165,92,66,-387,140,60,27,-298,115,75,62,No
177,x,19,73,71,24,-42,128,82,57,-222,108,63,44,-170,111,68,42,-175,112,58,51,No
177,y,165,114,79,74,-123,144,84,70,-339,189,117,102,-473,162,115,98,-458,96,68,62,No
178,x,30,76,72,20,-29,114,68,47,-193,107,51,37,-159,118,59,38,-180,105,57,48,No
178,y,152,110,66,74,-100,132,85,70,-323,171,114,102,-452,145,105,96,-435,73,57,56,No
179,x,62,80,68,22,-40,106,56,33,-181,117,49,36,-179,127,63,39,-194,96,55,44,No
179,y,136,99,58,76,-74,136,104,88,-355,169,118,106,-449,144,100,93,-419,68,60,60,No
180,x,89,92,67,45,-100,92,46,22,-167,114,45,30,-181,129,64,45,-216,84,53,46,No
180,y,104,92,53,45,6,153,112,94,-369,166,119,104,-433,150,102,96,-417,72,54,59,No
181,x,162,102,65,57,-159,105,58,45,-247,86,39,29,-185,97,56,45,-210,67,53,50,No
181,y,52,102,70,52,15,109,75,67,-242,164,108,97,-400,152,100,90,-405,84,55,55,No
182,x,121,126,79,71,-123,113,69,58,-295,63,36,34,-196,74,54,52,-246,62,56,60,No
182,y,0,55,14,7,218,98,61,57,-190,168,101,91,-379,166,94,88,-399,98,57,55,No
183,x,135,132,65,28,-71,118,73,61,-318,66,39,36,-216,68,66,65,-279,48,66,72,No
183,y,2,66,61,71,105,88,57,57,-160,159,94,83,-344,147,86,75,-348,98,36,21,No
184,x,150,132,63,57,-109,112,73,60,-317,67,47,44,-234,56,78,78,-295,38,67,74,No
184,y,15,100,106,98,-5,90,61,61,-165,151,93,77,-323,147,68,49,-295,104,13,-12,No
185,x,156,129,59,47,-95,109,74,65,-325,65,58,57,-260,45,79,77,-289,33,60,64,No
185,y,24,101,114,107,-23,84,57,56,-146,148,83,59,-285,143,48,18,-231,114,7,-30,No
186,x,161,138,62,37,-81,111,69,64,-318,87,63,58,-292,55,66,65,-284,33,45,46,No
186,y,18,98,126,108,-45,96,56,55,-151,132,71,46,-234,131,50,14,-200,112,-1,-42,No
187,x,161,138,62,37,-81,111,69,64,-318,87,63,58,-292,55,66,65,-284,33,45,46,No
187,y,18,98,126,108,-45,96,56,55,-151,132,71,46,-234,131,50,14,-200,112,-1,-42,No
188,x,168,136,65,42,-83,103,65,61,-303,81,57,53,-277,56,57,60,-273,25,46,53,No
188,y,24,93,121,105,-39,96,57,52,-149,122,58,27,-188,127,40,-1,-167,104,13,-27,No
189,x,168,136,65,42,-83,103,65,61,-303,81,57,53,-277,56,57,60,-273,25,46,53,No
189,y,24,93,121,105,-39,96,57,52,-149,122,58,27,-188,127,40,-1,-167,104,13,-27,No
190,x,170,141,73,37,-102,96,65,58,-293,72,37,19,-212,49,44,33,-225,26,42,42,No
190,y,24,97,114,98,-23,101,67,54,-171,133,40,-15,-139,131,34,-28,-139,114,28,-25,No
191,x,164,144,93,98,-191,79,52,27,-232,71,27,-7,-180,53,21,3,-179,4,24,25,No
191,y,18,100,105,65,28,122,1,-50,-26,145,8,-67,-70,140,12,-60,-95,130,29,-36,No
192,x,159,144,102,97,-210,74,43,11,-201,62,31,-10,-173,45,29,6,-181,-4,28,27,No
192,y,20,95,91,61,55,129,-20,-73,10,153,-3,-78,-56,138,12,-60,-93,127,35,-30,No
193,x,160,142,105,91,-218,77,32,-2,-177,51,37,-1,-172,32,38,20,-188,-16,36,39,No
193,y,29,96,88,61,50,110,-28,-75,45,150,16,-64,-85,136,27,-48,-122,123,46,-13,No
194,x,154,140,95,91,-215,79,35,8,-184,45,50,21,-194,12,57,47,-205,-22,44,58,No
194,y,39,103,89,62,37,87,-31,-60,61,130,26,-39,-98,137,25,-38,-131,123,43,-8,No
195,x,147,126,84,81,-191,73,36,12,-181,33,57,36,-196,12,70,59,-217,-18,47,62,No
195,y,44,105,90,67,25,78,-46,-68,89,140,13,-45,-94,139,18,-27,-151,127,61,25,No
196,x,141,116,78,71,-185,69,46,20,-187,20,70,53,-201,2,68,60,-190,-8,48,57,No
196,y,52,108,87,79,18,81,-43,-69,68,151,15,-43,-124,152,41,-9,-218,119,61,30,No
197,x,150,100,68,68,-192,69,75,34,-221,27,97,62,-223,18,104,71,-216,42,77,66,No
197,y,64,102,75,76,13,96,-29,-54,11,177,7,-36,-153,173,22,-21,-202,118,44,13,No
198,x,150,98,69,63,-200,77,101,56,-275,62,112,64,-267,67,115,69,-255,99,93,69,No
198,y,56,100,68,71,30,117,-4,-32,-63,178,-11,-47,-133,181,0,-35,-189,95,26,12,No
199,x,166,96,72,67,-262,43,100,71,-240,101,125,70,-296,123,124,76,-296,128,100,69,No
199,y,60,97,63,58,71,147,21,-20,-147,168,-9,-46,-140,139,-4,-34,-150,80,12,-3,No
200,x,171,90,73,65,-260,60,97,64,-245,114,122,64,-303,138,124,71,-306,140,99,64,No
200,y,61,85,61,57,71,145,15,-24,-135,165,-20,-48,-123,129,-21,-42,-115,66,-9,-20,No
201,x,183,77,65,55,-234,70,100,50,-239,95,109,51,-253,149,105,46,-272,156,84,38,No
201,y,64,86,61,52,65,139,0,-40,-96,176,-19,-51,-134,118,-50,-60,-61,51,-35,-39,No
202,x,184,73,60,45,-212,83,95,42,-235,121,103,36,-250,186,77,12,-242,171,55,7,No
202,y,54,85,56,40,81,129,-5,-48,-64,160,-28,-72,-86,68,-78,-75,33,-8,-63,-55,No
203,x,173,77,53,37,-194,99,93,25,-220,152,91,9,-233,201,42,-27,-181,164,13,-40,No
203,y,53,90,56,41,81,134,-30,-58,-34,142,-61,-71,-38,38,-97,-60,59,-37,-72,-37,No
204,x,132,78,64,55,-185,138,85,19,-234,172,76,0,-222,204,16,-42,-140,157,-4,-50,No
204,y,78,93,59,30,69,115,-46,-54,-7,121,-73,-72,-8,11,-97,-48,70,-44,-72,-28,No
205,x,135,83,70,54,-203,160,64,-6,-207,188,54,-21,-193,200,-4,-53,-98,149,-15,-54,No
205,y,66,86,53,27,105,96,-67,-56,35,109,-92,-72,20,2,-94,-33,57,-53,-72,-18,No
206,x,74,86,83,70,-193,170,48,-16,-179,197,30,-35,-157,193,-14,-56,-78,135,-21,-53,No
206,y,107,96,52,10,91,86,-69,-50,27,79,-90,-56,28,-10,-86,-23,57,-57,-65,-13,No
207,x,126,79,70,57,-227,174,54,-12,-204,205,39,-32,-181,214,-1,-54,-110,157,-13,-52,No
207,y,76,91,62,28,95,76,-77,-56,58,78,-96,-63,45,4,-99,-38,71,-64,-73,-18,No
208,x,38,77,85,72,-177,174,40,-27,-168,212,24,-43,-161,213,-2,-52,-120,162,-5,-44,No
208,y,124,112,70,21,34,99,-82,-58,27,80,-95,-55,28,15,-92,-34,49,-45,-69,-24,No
209,x,10,64,92,75,-167,166,48,-16,-175,210,33,-35,-172,210,17,-40,-148,173,19,-25,No
209,y,151,118,74,34,-14,105,-73,-57,5,76,-88,-53,18,26,-85,-41,34,-10,-61,-33,No
210,x,0,56,89,76,-162,160,62,-3,-193,204,41,-29,-175,205,24,-33,-151,178,46,3,No
210,y,162,118,75,31,-20,116,-61,-56,-20,84,-77,-54,0,41,-76,-44,14,16,-43,-27,No
211,x,-5,50,89,80,-173,162,77,12,-211,204,41,-29,-164,196,24,-27,-138,165,63,28,No
211,y,165,121,75,25,-16,130,-44,-55,-63,91,-69,-49,-27,63,-66,-41,-27,65,-18,-11,No
212,x,-14,48,90,79,-168,153,75,12,-184,196,13,-45,-104,177,5,-32,-92,131,71,53,No
212,y,166,123,72,21,-17,132,-34,-58,-85,81,-71,-40,-37,78,-57,-35,-63,81,20,20,No
213,x,-13,49,91,84,-171,151,84,22,-194,195,8,-47,-93,175,-5,-39,-67,132,70,51,No
213,y,166,124,62,9,13,140,-22,-57,-103,80,-75,-43,-26,74,-57,-34,-61,79,27,29,No
214,x,-19,52,100,86,-184,158,77,18,-186,199,8,-42,-97,177,-9,-40,-61,129,72,53,No
214,y,164,134,88,23,-29,138,-20,-53,-106,76,-71,-40,-28,74,-57,-34,-60,89,33,34,No
215,x,-25,50,97,88,-184,162,78,21,-190,197,3,-46,-83,173,-15,-45,-41,127,68,50,No
215,y,168,130,74,11,-2,141,-19,-52,-114,81,-74,-41,-32,83,-58,-34,-68,98,41,40,No
216,x,-28,51,99,90,-186,150,82,36,-195,191,2,-41,-80,168,-14,-41,-40,127,69,52,No
216,y,166,133,74,11,-4,142,7,-31,-163,92,-67,-44,-47,90,-53,-35,-77,103,46,45,No
217,x,-24,52,104,92,-194,144,91,53,-215,189,6,-37,-86,170,-7,-37,-55,130,69,51,No
217,y,160,133,73,15,-10,148,26,-14,-207,99,-65,-39,-60,104,-52,-37,-85,100,50,47,No
218,x,-24,44,100,88,-183,152,96,66,-244,194,52,6,-180,178,62,29,-202,128,74,60,No
218,y,161,141,86,32,-51,146,43,18,-251,107,-28,-23,-117,118,1,-3,-187,96,45,42,No
219,x,-20,51,97,85,-185,164,95,66,-259,202,89,45,-269,183,88,52,-259,131,75,59,No
219,y,166,141,81,32,-44,134,51,36,-268,111,-1,3,-175,112,23,23,-232,93,43,41,No
220,x,-9,62,100,86,-192,171,90,67,-284,221,108,74,-349,195,103,75,-313,123,63,55,No
220,y,162,137,84,36,-33,120,58,48,-267,85,9,14,-166,94,31,30,-226,68,41,45,No
221,x,9,74,90,80,-190,176,89,69,-321,245,123,81,-418,232,96,56,-343,139,37,19,No
221,y,154,127,78,30,-9,115,57,59,-256,75,4,8,-134,73,-7,3,-127,66,3,7,No
222,x,143,78,78,77,-258,152,77,71,-316,188,120,100,-400,145,90,76,-280,51,19,17,No
222,y,120,109,49,36,57,108,61,64,-255,95,24,18,-194,130,57,57,-317,78,53,56,No
223,x,139,122,69,14,-133,91,-10,-25,-101,120,-21,-46,-113,105,105,82,-355,-36,-23,-10,No
223,y,52,114,78,77,0,41,-77,-50,110,52,-111,-83,152,110,56,55,-230,123,95,92,No
224,x,133,139,68,-1,-113,78,62,49,-252,106,-2,-36,-141,89,93,71,-337,-30,-21,-12,No
224,y,16,107,94,93,-14,90,53,54,-156,66,-102,-80,141,107,53,58,-214,119,87,91,No
225,x,138,136,66,-3,-91,69,-16,-31,-80,85,-19,-37,-108,83,97,80,-354,-17,-7,8,No
225,y,24,106,105,105,-56,67,-76,-60,116,77,-100,-77,131,109,38,41,-174,119,85,81,No
226,x,148,132,51,-6,-84,68,58,44,-224,83,-2,-26,-126,76,74,56,-290,10,20,30,No
226,y,30,104,108,103,-68,81,-28,-41,33,69,-82,-72,117,102,4,0,-86,114,74,68,No
227,x,150,119,42,-6,-75,72,57,45,-217,83,64,44,-254,82,75,55,-289,34,49,53,No
227,y,36,107,102,91,-66,89,-32,-56,35,91,-45,-67,51,90,-45,-62,45,118,58,32,No
228,x,145,125,42,-7,-60,78,47,33,-204,84,52,29,-229,84,61,40,-263,41,60,59,No
228,y,30,112,108,85,-75,87,-42,-63,57,84,-59,-76,82,93,-59,-76,69,106,32,2,No
229,x,145,130,56,6,-92,72,51,23,-194,71,56,19,-205,65,63,24,-223,51,71,50,No
229,y,22,109,105,95,-79,71,-20,-34,26,100,-48,-76,53,121,-38,-69,5,105,5,-34,No
230,x,143,114,58,22,-110,54,45,-2,-144,61,56,-7,-167,67,56,-9,-181,66,64,13,No
230,y,26,103,108,105,-77,134,-52,-59,10,153,-59,-66,-10,141,-68,-74,13,107,-39,-63,No
231,x,153,115,57,22,-105,61,31,-24,-112,73,39,-29,-139,80,43,-26,-163,84,59,-3,No
231,y,37,100,110,107,-86,137,-76,-68,38,153,-88,-71,24,136,-96,-79,50,90,-63,-70,No
232,x,153,112,58,12,-107,70,22,-40,-93,83,25,-46,-117,96,36,-41,-153,117,36,-37,No
232,y,49,104,105,111,-76,129,-92,-67,55,145,-109,-67,46,145,-114,-78,52,73,-87,-65,No
233,x,165,99,56,9,-147,80,21,-33,-109,99,27,-30,-141,125,37,-29,-167,152,31,-31,No
233,y,69,104,101,105,-61,104,-85,-81,85,123,-97,-72,55,149,-109,-87,37,32,-80,-53,No
234,x,186,73,52,27,-252,114,58,-13,-190,164,58,-26,-204,188,43,-35,-172,169,38,-28,No
234,y,92,110,89,81,13,109,-84,-77,59,110,-100,-71,38,70,-94,-63,39,18,-73,-50,No
235,x,190,69,56,46,-279,126,77,5,-238,203,47,-42,-201,220,18,-53,-147,185,20,-37,No
235,y,86,100,82,72,37,128,-71,-68,4,88,-106,-68,49,42,-96,-55,60,-24,-75,-39,No
236,x,186,73,66,58,-297,130,93,29,-266,165,97,24,-266,214,21,-41,-145,179,14,-36,No
236,y,81,98,78,63,42,105,-31,-51,-18,148,-52,-76,-51,32,-95,-60,68,-41,-75,-40,No
237,x,81,91,106,88,-268,140,96,38,-264,175,99,37,-278,213,5,-44,-122,152,-1,-38,No
237,y,128,103,57,20,49,105,-19,-42,-48,148,-32,-62,-89,-6,-91,-48,88,-57,-70,-32,No
238,x,147,92,85,73,-282,149,93,62,-298,175,114,74,-340,219,18,-27,-167,155,20,-17,No
238,y,91,98,68,40,59,87,-3,-23,-63,132,2,-28,-143,-21,-104,-63,126,-63,-75,-41,No
239,x,123,104,110,94,-287,168,102,82,-345,189,124,94,-388,212,26,-14,-188,146,17,-15,No
239,y,102,96,57,28,67,77,29,22,-135,107,29,10,-187,-46,-93,-60,136,-77,-68,-37,No
240,x,83,121,137,99,-274,178,105,84,-359,196,114,90,-387,200,49,13,-235,134,27,3,No
240,y,119,83,25,3,102,78,41,37,-177,86,50,41,-226,-58,-76,-56,122,-66,-57,-39,No
241,x,67,125,139,101,-266,169,88,71,-309,199,115,89,-385,183,8,-22,-143,128,3,-20,No
241,y,123,82,12,-9,115,87,47,41,-200,72,49,41,-215,-69,-83,-48,128,-73,-61,-33,No
242,x,72,108,134,89,-230,159,76,58,-279,205,120,91,-399,168,-40,-51,-53,112,-36,-45,No
242,y,107,87,23,-1,101,100,66,57,-245,53,41,34,-179,-83,-61,-14,93,-88,-47,-8,No
243,x,132,92,81,61,-179,131,70,53,-264,207,124,93,-422,173,-48,-61,-49,121,-38,-50,No
243,y,58,93,71,38,70,102,74,65,-250,19,18,21,-102,-113,-67,-8,128,-116,-58,-5,No
244,x,132,92,74,58,-163,142,65,51,-267,217,109,76,-399,162,-50,-66,-33,112,-40,-53,No
244,y,68,91,64,29,80,104,74,72,-257,-5,-30,-5,-3,-118,-63,-5,126,-108,-55,-4,No
245,x,147,102,75,57,-202,156,84,69,-325,217,32,-1,-247,170,-52,-59,-49,117,-41,-54,No
245,y,75,99,87,62,26,73,54,57,-198,-77,-89,-39,160,-124,-71,-5,138,-100,-56,-4,No
246,x,150,100,68,49,-175,185,110,80,-395,209,-47,-66,-101,179,-59,-62,-58,130,-41,-51,No
246,y,75,91,71,45,68,30,9,5,-57,-101,-73,-7,140,-120,-62,5,119,-97,-49,3,No
247,x,184,93,59,39,-178,196,-14,-49,-161,221,-49,-61,-127,198,-60,-60,-84,153,-37,-49,No
247,y,74,96,89,70,43,-55,-96,-43,188,-112,-95,-22,193,-130,-82,-13,168,-102,-58,-6,No
248,x,182,95,61,51,-214,186,-31,-62,-122,205,-54,-66,-101,189,-61,-66,-71,150,-38,-52,No
248,y,72,92,89,77,23,-64,-95,-39,196,-116,-90,-20,195,-120,-87,-20,173,-86,-62,-13,No
249,x,125,86,59,63,-192,145,-38,-55,-113,180,-58,-54,-111,179,-64,-56,-98,147,45,32,No
249,y,69,96,92,73,29,-69,-87,-36,206,-121,-89,-30,217,-114,-92,-38,191,-40,-37,-14,No
250,x,154,116,66,68,-150,105,-34,-43,-85,123,-55,-53,-75,131,-58,-59,-77,132,-20,-43,No
250,y,28,85,90,72,18,-33,-84,-35,187,-75,-99,-30,217,-78,-99,-36,207,-48,-77,-38,No
251,x,136,135,74,70,-129,93,-38,-46,-71,103,-56,-58,-66,112,-36,-57,-107,104,15,-21,No
251,y,14,92,99,82,-65,34,-89,-70,161,14,-120,-66,204,36,-128,-78,196,50,-79,-64,No
252,x,143,143,82,73,-147,91,-13,-29,-101,95,-41,-51,-74,106,-21,-45,-126,81,21,-7,No
252,y,11,82,95,84,-73,54,-83,-80,153,40,-121,-84,206,80,-115,-88,164,92,-56,-62,No
253,x,133,146,88,73,-141,99,-28,-50,-68,109,-33,-58,-84,110,-2,-36,-154,56,47,24,No
253,y,-2,75,83,82,-44,48,-94,-79,177,48,-122,-84,202,98,-101,-82,124,111,-27,-46,No
254,x,131,151,91,62,-137,99,26,-17,-152,112,15,-37,-151,100,42,-10,-207,49,53,19,No
254,y,-12,82,77,72,-15,80,-60,-74,108,61,-98,-87,169,109,-66,-71,67,109,-21,-52,No
255,x,132,157,101,57,-95,119,54,9,-233,110,28,-30,-182,95,46,-10,-223,39,52,17,No
255,y,-22,63,66,79,-17,57,-21,-50,80,72,-59,-85,129,114,-34,-73,38,119,-9,-64,No
256,x,129,162,106,44,-90,105,39,-20,-164,114,44,-36,-189,94,54,-6,-229,27,54,27,No
256,y,-20,55,59,89,-6,61,-16,-48,68,82,-33,-78,82,111,-13,-66,11,118,3,-57,No
257,x,129,158,97,42,-73,111,47,-15,-184,125,52,-29,-214,105,62,-6,-249,42,62,25,No
257,y,-21,55,65,91,11,80,-35,-56,66,99,-47,-77,69,121,-33,-69,12,127,-1,-57,No
258,x,129,158,94,52,-71,117,50,-12,-191,130,59,-21,-233,113,69,6,-277,46,64,30,No
258,y,-19,53,68,87,22,88,-50,-67,82,104,-56,-85,76,123,-36,-73,15,128,-6,-62,No
259,x,131,159,97,31,-52,114,43,-8,-179,127,55,-16,-225,111,70,13,-275,47,66,39,No
259,y,-17,55,67,85,31,73,-52,-61,92,98,-42,-72,53,117,-24,-61,-5,123,1,-48,No
260,x,134,156,89,22,-45,116,46,-4,-182,122,62,7,-244,107,70,21,-272,57,71,49,No
260,y,-9,59,72,91,4,52,-61,-68,130,69,-56,-80,111,115,-31,-64,15,114,2,-37,No
261,x,126,158,86,7,-16,111,35,-11,-158,119,57,-2,-223,108,70,22,-268,73,74,53,No
261,y,-27,49,69,87,14,53,-68,-68,142,82,-65,-81,106,102,-41,-64,32,100,5,-27,No
262,x,126,153,82,19,-35,120,35,-13,-166,141,52,-4,-233,130,66,17,-271,101,74,42,No
262,y,-19,52,65,76,17,61,-80,-81,146,77,-95,-94,148,84,-86,-88,118,81,-24,-48,No
263,x,172,140,97,79,-131,137,22,-21,-159,144,-23,-59,-97,161,27,-18,-224,134,55,18,No
263,y,-8,40,50,44,24,59,-78,-78,136,12,-99,-80,212,14,-109,-98,249,16,-68,-73,No
264,x,188,119,97,75,-136,130,34,-2,-180,148,20,-18,-184,161,-4,-44,-166,137,25,-15,No
264,y,-6,41,47,45,20,37,-71,-78,149,9,-89,-81,208,-13,-113,-92,271,-45,-100,-89,No
265,x,169,121,93,75,-132,133,21,-19,-150,151,13,-27,-172,166,10,-34,-195,134,23,-18,No
265,y,-8,40,39,39,38,29,-79,-75,163,6,-92,-77,210,-7,-112,-87,256,-45,-96,-79,No
266,x,168,112,86,66,-123,124,4,-37,-107,144,-6,-43,-126,154,-15,-53,-134,130,10,-28,No
266,y,-3,42,41,48,42,32,-89,-82,174,-5,-97,-73,218,-28,-113,-80,264,-63,-106,-82,No
267,x,152,111,85,62,-109,117,-9,-47,-83,148,-25,-58,-101,157,-45,-74,-87,125,-13,-43,No
267,y,-4,50,53,58,41,1,-94,-76,206,-32,-107,-72,247,-59,-111,-66,260,-83,-96,-64,No
268,x,136,107,79,59,-93,119,-20,-59,-62,151,-44,-68,-73,149,-67,-84,-42,124,-34,-61,No
268,y,-4,53,60,60,51,-8,-95,-61,201,-44,-110,-52,235,-75,-102,-37,229,-89,-88,-37,No
269,x,131,106,73,57,-90,121,-31,-61,-57,157,-58,-74,-61,159,-77,-84,-42,131,-43,-66,No
269,y,-7,56,67,61,61,-17,-91,-46,191,-50,-109,-32,217,-75,-106,-22,209,-85,-87,-23,No
270,x,122,104,59,39,-66,128,-13,-54,-90,161,-31,-64,-101,148,-61,-74,-51,119,-41,-60,No
270,y,-14,71,83,67,49,9,-90,-50,166,-29,-103,-37,185,-78,-94,-17,182,-87,-79,-18,No
271,x,120,112,61,41,-96,131,-27,-59,-74,163,-39,-66,-91,158,-57,-67,-67,128,-45,-62,No
271,y,1,87,82,66,44,33,-93,-37,121,-13,-96,-17,131,-58,-93,-6,141,-79,-70,-1,No
272,x,120,112,61,41,-96,131,-27,-59,-74,163,-39,-66,-91,158,-57,-67,-67,128,-45,-62,No
272,y,1,87,82,66,44,33,-93,-37,121,-13,-96,-17,131,-58,-93,-6,141,-79,-70,-1,No
273,x,136,104,60,40,-117,89,15,-36,-85,128,21,-37,-143,164,-15,-61,-119,135,-15,-55,No
273,y,20,99,76,69,13,75,-65,-44,66,96,-73,-50,36,27,-97,-37,92,-48,-70,-16,No
274,x,152,117,75,63,-179,93,27,-30,-113,127,32,-39,-153,158,-1,-56,-137,138,-4,-55,No
274,y,25,104,60,56,56,110,-71,-56,42,112,-93,-58,42,48,-107,-40,74,-24,-73,-15,No
275,x,152,117,75,63,-179,93,27,-30,-113,127,32,-39,-153,158,-1,-56,-137,138,-4,-55,No
275,y,25,104,60,56,56,110,-71,-56,42,112,-93,-58,42,48,-107,-40,74,-24,-73,-15,No
276,x,146,119,78,71,-156,90,58,2,-189,92,77,20,-235,104,73,9,-229,119,61,5,No
276,y,11,87,64,56,44,112,-49,-66,38,155,-51,-68,-23,159,-72,-79,-17,62,-56,-54,No
277,x,133,129,83,72,-147,93,59,10,-207,75,72,25,-226,89,82,32,-260,104,67,25,No
277,y,4,80,61,49,63,92,-24,-47,20,151,-17,-56,-64,158,-29,-57,-82,72,-22,-38,No
278,x,136,144,93,75,-169,88,65,16,-212,75,76,24,-226,84,87,30,-249,100,85,39,No
278,y,-9,78,56,45,88,97,-31,-48,20,161,-36,-61,-51,159,-45,-61,-64,86,-28,-41,No
279,x,140,144,94,81,-166,109,63,18,-230,82,84,39,-255,81,97,57,-286,87,90,70,No
279,y,-5,79,53,41,93,76,-41,-61,69,155,-27,-70,-46,153,-14,-52,-102,90,14,-11,No
280,x,151,142,94,83,-168,103,60,12,-214,86,93,55,-282,83,101,67,-293,95,89,76,No
280,y,-4,77,51,46,93,77,-52,-69,85,164,-12,-54,-89,162,4,-34,-155,92,34,16,No
281,x,152,140,95,82,-179,74,70,40,-217,82,102,75,-298,89,107,83,-312,95,88,80,No
281,y,-7,77,49,50,104,119,-9,-39,-42,182,7,-33,-156,163,13,-20,-183,89,34,21,No
282,x,159,139,95,84,-201,43,66,61,-192,78,98,86,-285,103,106,93,-321,95,85,80,No
282,y,-6,78,45,47,125,148,54,25,-210,159,40,11,-220,137,26,1,-197,70,27,21,No
283,x,153,134,89,82,-199,51,67,63,-202,80,101,90,-293,115,116,100,-346,103,87,78,No
283,y,-7,84,48,38,132,145,66,43,-237,153,44,22,-232,132,19,1,-189,62,19,16,No
284,x,150,135,87,81,-199,59,64,60,-205,53,83,76,-233,115,117,96,-344,117,91,77,No
284,y,-12,84,51,47,115,133,66,45,-225,170,65,41,-286,118,12,-2,-166,51,8,8,No
285,x,147,128,88,88,-199,72,64,56,-215,61,71,69,-229,140,124,100,-387,135,95,79,No
285,y,-8,90,56,46,100,118,70,54,-216,157,79,57,-303,109,8,-5,-153,34,-3,-2,No
286,x,158,117,82,87,-192,81,63,60,-233,66,83,79,-258,159,134,104,-418,147,92,74,No
286,y,-6,87,58,46,102,117,67,56,-214,155,72,49,-291,67,-20,-25,-74,17,-29,-26,No
287,x,171,116,85,85,-207,89,74,69,-263,93,98,92,-312,179,124,95,-412,161,94,73,No
287,y,3,87,61,34,100,114,56,42,-187,152,64,36,-268,43,-30,-32,-34,-15,-41,-36,No
288,x,175,99,69,52,-139,64,62,58,-214,96,106,89,-319,186,116,79,-393,161,71,42,No
288,y,9,93,74,60,47,116,51,35,-178,142,52,20,-230,21,-62,-59,49,-40,-59,-47,No
289,x,163,104,66,40,-125,62,68,54,-210,123,126,88,-360,197,73,25,-307,151,19,-17,No
289,y,6,91,72,62,41,109,28,6,-114,130,17,-17,-144,-11,-94,-66,120,-66,-71,-40,No
290,x,158,122,84,45,-163,52,73,47,-195,142,112,58,-331,196,35,-14,-225,151,5,-30,No
290,y,4,54,25,41,151,117,24,-17,-98,113,-10,-46,-72,-24,-96,-66,137,-84,-69,-34,No
291,x,159,125,84,54,-169,54,85,41,-209,132,104,35,-289,184,-6,-49,-140,140,-26,-56,No
291,y,0,80,55,51,97,130,12,-35,-83,112,-27,-54,-51,-40,-100,-41,131,-99,-66,-8,No
292,x,168,117,78,68,-194,64,80,60,-234,123,100,47,-285,181,-4,-46,-134,141,-20,-54,No
292,y,12,93,66,44,80,126,31,2,-139,109,-20,-42,-68,-29,-95,-43,117,-81,-66,-12,No
293,x,156,124,88,79,-198,62,68,49,-226,106,83,32,-252,166,4,-37,-149,142,-11,-48,No
293,y,7,94,64,46,74,113,45,29,-161,128,-27,-49,-65,9,-92,-46,85,-56,-62,-14,No
294,x,152,123,87,78,-192,66,63,40,-220,107,59,2,-205,152,1,-44,-128,144,-11,-52,No
294,y,9,92,60,46,80,113,50,48,-185,133,-58,-68,-20,22,-93,-41,66,-51,-62,-12,No
295,x,151,124,93,79,-194,79,63,40,-238,89,65,8,-200,149,9,-39,-140,151,-11,-54,No
295,y,4,97,64,40,75,114,55,50,-191,151,-43,-64,-58,47,-93,-45,47,-41,-66,-19,No
296,x,152,121,90,74,-184,79,69,43,-248,76,71,8,-190,149,2,-44,-128,155,-17,-57,No
296,y,5,98,66,43,69,113,57,49,-188,156,-37,-67,-67,41,-101,-46,62,-53,-67,-15,No
297,x,168,119,89,77,-209,95,82,51,-287,85,83,20,-219,163,10,-48,-133,173,3,-49,No
297,y,9,98,68,40,71,108,50,36,-167,161,-21,-55,-106,53,-95,-54,47,-42,-68,-27,No
298,x,168,119,89,77,-209,95,82,51,-287,85,83,20,-219,163,10,-48,-133,173,3,-49,No
298,y,9,98,68,40,71,108,50,36,-167,161,-21,-55,-106,53,-95,-54,47,-42,-68,-27,No
299,x,174,121,89,63,-198,98,94,68,-313,63,89,35,-215,161,57,-10,-217,170,30,-26,No
299,y,23,90,57,37,86,94,42,14,-131,154,12,-38,-150,70,-86,-65,33,-37,-73,-44,No
300,x,173,114,86,65,-203,83,103,74,-302,64,95,41,-223,154,86,20,-264,160,57,5,No
300,y,21,81,48,28,113,106,20,-17,-92,161,4,-42,-147,80,-77,-68,18,-32,-71,-48,No
301,x,176,102,72,47,-175,71,94,51,-252,76,105,44,-242,165,90,27,-279,166,64,20,No
301,y,20,83,56,40,76,127,2,-45,-67,177,1,-51,-151,92,-68,-68,-7,-24,-60,-46,No
302,x,178,116,82,72,-216,71,89,67,-268,66,107,76,-271,159,111,66,-335,161,84,50,No
302,y,20,86,58,36,82,126,18,-25,-104,164,22,-22,-191,88,-37,-51,-61,-12,-46,-42,No
303,x,174,116,85,68,-215,77,94,63,-272,63,111,80,-274,157,113,72,-340,164,88,58,No
303,y,12,79,48,32,107,132,5,-40,-81,178,26,-19,-216,90,-39,-49,-67,-14,-43,-37,No
304,x,184,113,88,82,-249,72,81,67,-256,55,105,87,-264,153,129,89,-361,160,101,69,No
304,y,14,82,55,28,102,138,50,12,-188,182,53,12,-280,100,-16,-29,-125,11,-25,-22,No
305,x,186,105,83,83,-237,68,80,70,-250,60,104,84,-259,151,132,91,-355,151,94,64,No
305,y,6,79,55,31,103,145,61,30,-225,183,62,27,-309,107,12,-5,-187,24,-11,-13,No
306,x,195,109,87,90,-258,71,80,75,-259,77,107,90,-288,144,117,83,-325,128,88,68,No
306,y,19,76,46,28,110,153,70,45,-264,175,68,33,-320,118,27,9,-232,39,18,18,No
307,x,195,109,87,90,-258,71,80,75,-259,77,107,90,-288,144,117,83,-325,128,88,68,No
307,y,19,76,46,28,110,153,70,45,-264,175,68,33,-320,118,27,9,-232,39,18,18,No
308,x,181,110,87,90,-252,76,83,77,-258,118,99,82,-303,156,96,74,-301,113,74,61,No
308,y,14,82,45,27,117,146,68,50,-262,168,63,49,-323,142,60,55,-333,69,49,60,No
309,x,175,106,85,88,-249,85,80,75,-260,125,99,76,-300,153,95,69,-288,113,75,59,No
309,y,22,83,47,36,102,142,66,50,-253,168,60,46,-313,146,62,55,-334,76,51,60,No
310,x,175,103,81,78,-238,97,88,77,-281,130,106,80,-313,152,101,72,-293,115,75,58,No
310,y,28,82,50,47,96,127,54,41,-217,165,54,38,-296,136,55,48,-310,70,49,58,No
311,x,181,102,77,68,-239,107,93,80,-303,142,105,81,-328,159,102,75,-305,113,75,63,No
311,y,32,84,53,41,108,107,48,38,-194,147,45,30,-266,119,52,45,-292,70,45,55,No
312,x,196,99,79,68,-271,123,98,84,-325,154,115,91,-357,171,112,83,-330,128,82,64,No
312,y,40,92,60,47,93,92,36,28,-155,131,32,19,-227,104,41,35,-255,61,35,40,No
313,x,193,96,78,59,-279,134,103,84,-340,179,117,87,-379,184,115,86,-352,136,84,69,No
313,y,42,89,68,49,87,87,22,11,-115,113,22,8,-179,88,32,18,-206,44,24,23,No
314,x,182,97,74,59,-244,130,102,80,-339,184,114,86,-399,194,117,93,-397,145,86,71,No
314,y,42,101,80,63,69,75,17,8,-88,87,19,12,-144,71,23,18,-172,34,17,15,No
315,x,171,108,72,55,-179,117,97,78,-330,156,106,91,-392,165,114,98,-402,145,88,73,No
315,y,35,108,80,64,47,62,16,11,-66,81,15,17,-125,85,14,14,-157,26,16,18,No
316,x,154,123,73,63,-159,110,76,61,-288,141,96,88,-378,153,111,100,-417,131,86,73,No
316,y,30,112,87,71,6,54,1,3,-29,67,7,11,-81,81,7,8,-120,8,3,8,No
317,x,142,133,69,51,-134,110,16,-1,-173,134,84,74,-355,144,117,104,-431,128,90,79,No
317,y,29,112,92,76,-27,38,-46,-40,87,53,-8,-9,-24,77,1,2,-95,-1,-14,-7,No
318,x,128,137,74,57,-129,103,60,42,-249,133,98,79,-376,142,100,83,-398,128,87,71,No
318,y,27,102,80,59,5,53,-34,-47,72,67,-7,-22,-22,64,-17,-24,-37,-18,-27,-23,No
319,x,141,141,76,48,-108,112,70,56,-287,139,90,74,-373,148,97,81,-405,123,84,69,No
319,y,18,92,77,66,6,55,-16,-28,33,57,-14,-22,-1,65,-25,-29,-19,-22,-35,-31,No
320,x,145,138,72,39,-94,106,68,58,-280,129,85,75,-361,139,93,82,-398,112,80,67,No
320,y,23,88,78,76,-18,52,-12,-25,32,56,-11,-18,-2,65,-24,-28,-10,-20,-41,-37,No
321,x,138,143,75,40,-118,93,70,66,-279,121,82,73,-344,130,84,74,-368,109,68,55,No
321,y,27,95,79,77,-21,73,-12,-31,9,67,-17,-31,4,65,-39,-50,32,-12,-56,-54,No
322,x,139,145,77,21,-88,91,63,70,-276,119,84,83,-358,114,70,62,-331,104,45,32,No
322,y,20,87,89,78,-27,55,1,-7,-5,59,-5,-20,-6,36,-57,-60,93,-14,-73,-70,No
323,x,127,139,73,22,-77,103,68,69,-290,129,87,76,-364,119,53,37,-293,105,35,14,No
323,y,12,84,87,75,-29,50,7,-4,-4,78,4,-15,-35,38,-82,-76,136,-15,-84,-73,No
324,x,122,140,78,41,-88,107,71,70,-297,126,86,72,-357,123,39,22,-270,105,24,1,No
324,y,-4,70,79,69,-5,53,3,-10,9,91,-4,-22,-28,46,-94,-81,148,-21,-90,-73,No
325,x,138,160,101,84,-204,95,68,59,-277,119,74,51,-319,128,3,-16,-208,103,4,-19,No
325,y,14,100,89,48,-27,80,-12,-35,14,108,-36,-50,10,46,-108,-79,162,-16,-93,-53,No
326,x,139,160,112,90,-215,98,65,48,-263,116,54,21,-264,128,-15,-37,-169,102,-7,-32,No
326,y,4,94,83,46,-16,58,4,-17,8,121,-11,-36,-39,55,-109,-78,155,-12,-89,-52,No
327,x,143,159,109,89,-215,87,53,25,-216,112,48,5,-236,120,-11,-42,-156,99,-17,-43,No
327,y,6,105,88,45,-18,64,0,-18,6,134,-23,-44,-36,82,-108,-76,119,-8,-85,-40,No
328,x,139,164,115,90,-212,88,42,8,-192,96,48,0,-217,114,-13,-46,-148,103,-24,-49,No
328,y,4,109,86,46,-15,76,-29,-47,58,147,-43,-53,-22,100,-112,-68,92,-5,-87,-32,No
329,x,142,166,127,98,-222,99,37,-11,-181,84,57,-5,-210,111,-5,-45,-153,104,-21,-51,No
329,y,1,102,70,19,44,94,-35,-59,61,163,-42,-59,-35,111,-112,-68,76,-7,-84,-27,No
330,x,145,172,133,97,-234,100,40,-9,-183,90,64,5,-229,118,6,-37,-170,109,-21,-53,No
330,y,1,107,61,6,75,83,-26,-56,57,147,-31,-59,-33,123,-101,-76,61,-9,-78,-32,No
331,x,143,170,126,95,-219,102,41,-13,-178,108,54,-12,-218,125,26,-27,-204,122,-5,-48,No
331,y,3,89,49,8,96,89,-49,-63,77,144,-57,-75,14,124,-87,-68,35,0,-75,-37,No
332,x,145,168,119,90,-220,110,48,-1,-196,110,73,20,-264,125,57,8,-258,124,23,-21,No
332,y,3,76,37,24,113,75,-51,-63,87,131,-27,-55,-24,126,-53,-58,-11,8,-70,-55,No
333,x,146,166,120,93,-226,108,47,5,-195,116,67,22,-260,128,72,28,-291,127,55,20,No
333,y,1,70,34,11,127,79,-48,-58,77,120,-36,-63,8,127,-50,-66,-1,12,-66,-58,No
334,x,164,158,115,94,-227,112,63,31,-234,122,94,61,-328,137,95,56,-345,130,76,50,No
334,y,7,56,18,-4,165,42,-53,-59,113,93,-6,-31,-34,79,-65,-76,67,24,-50,-55,No
335,x,151,161,116,96,-197,130,21,-11,-169,130,95,75,-354,132,104,84,-382,117,85,75,No
335,y,-11,52,6,-10,176,16,-71,-66,175,83,9,-4,-61,102,9,-3,-107,57,12,4,No
336,x,146,163,121,94,-192,116,27,-4,-154,119,95,81,-342,113,91,81,-342,89,74,75,No
336,y,-24,46,-1,-16,189,13,-72,-67,182,73,19,10,-69,92,38,28,-148,83,41,31,No
337,x,143,160,117,91,-185,114,25,-4,-147,119,96,80,-338,108,90,78,-330,83,73,72,No
337,y,-27,43,-4,-17,198,6,-78,-67,194,68,19,10,-64,89,38,27,-145,84,41,30,No
338,x,136,148,114,89,-173,108,29,0,-143,120,95,80,-331,113,89,77,-324,88,71,70,No
338,y,-28,35,-6,-17,196,1,-74,-64,189,65,16,8,-56,86,38,28,-140,82,41,33,No
339,x,137,143,106,89,-174,106,49,23,-184,117,95,84,-328,114,93,80,-326,91,76,73,No
339,y,-23,43,8,-13,170,-5,-69,-64,186,69,18,8,-64,90,39,25,-143,83,40,26,No
340,x,126,143,105,87,-174,103,58,35,-204,114,96,84,-324,111,98,82,-326,99,75,70,No
340,y,-25,39,12,-18,172,-15,-59,-60,185,90,24,5,-92,107,35,10,-149,86,33,9,No
341,x,130,138,102,90,-186,109,72,43,-233,125,104,79,-334,122,108,81,-331,117,87,78,No
341,y,-24,41,14,-12,168,-11,-49,-56,167,92,12,-16,-65,106,13,-15,-110,59,14,-7,No
342,x,132,133,98,86,-178,119,87,57,-272,128,101,74,-323,134,108,79,-334,131,91,78,No
342,y,-15,48,8,-7,176,34,-24,-44,71,107,2,-32,-67,97,-8,-36,-69,24,-15,-30,No
343,x,149,132,97,88,-202,107,85,72,-283,118,102,83,-323,152,105,76,-340,140,75,54,No
343,y,0,57,16,9,172,82,13,-5,-66,126,12,-20,-119,50,-53,-63,35,-8,-56,-60,No
344,x,163,106,74,46,-145,91,88,58,-254,102,111,72,-301,160,88,43,-294,141,51,17,No
344,y,6,69,37,33,135,106,13,-18,-81,145,3,-35,-126,54,-67,-71,40,-16,-62,-59,No
345,x,172,114,87,64,-207,77,88,44,-233,80,110,53,-256,157,71,15,-245,141,45,6,No
345,y,20,70,40,21,147,113,2,-42,-57,154,-11,-51,-116,58,-87,-76,55,-27,-64,-46,No
346,x,178,101,85,64,-208,70,85,24,-204,89,96,16,-209,168,33,-33,-167,158,7,-46,No
346,y,24,63,38,30,138,107,-22,-52,-17,154,-25,-57,-100,54,-93,-63,48,-32,-68,-35,No
347,x,159,103,86,77,-202,95,97,51,-281,87,89,24,-216,167,19,-39,-146,157,2,-44,No
347,y,18,65,41,31,125,104,12,-20,-78,160,-14,-57,-117,40,-85,-58,47,-38,-64,-35,No
348,x,167,113,88,67,-193,110,97,73,-312,100,90,30,-228,179,8,-40,-145,156,-9,-51,No
348,y,21,73,40,33,111,123,43,20,-174,158,-30,-61,-103,18,-96,-43,50,-63,-61,-11,No
349,x,167,113,88,67,-193,110,97,73,-312,100,90,30,-228,179,8,-40,-145,156,-9,-51,No
349,y,21,73,40,33,111,123,43,20,-174,158,-30,-61,-103,18,-96,-43,50,-63,-61,-11,No
350,x,102,125,115,83,-199,97,67,49,-205,172,79,21,-257,177,-16,-50,-99,99,-34,-51,No
350,y,90,64,6,-17,123,131,69,59,-272,92,-34,-45,-66,-42,-65,-22,55,-84,-41,2,No
351,x,80,115,105,79,-155,92,66,45,-185,197,54,-8,-228,160,-21,-50,-81,85,-41,-49,No
351,y,111,73,18,-16,85,128,67,57,-272,54,-70,-61,17,-69,-60,-10,63,-98,-37,11,No
352,x,77,112,105,79,-147,92,69,45,-190,209,37,-29,-204,156,-28,-56,-64,80,-43,-48,No
352,y,113,69,15,-12,83,134,67,58,-277,42,-79,-62,42,-84,-58,-4,74,-103,-36,13,No
353,x,79,112,108,79,-153,92,70,49,-198,212,15,-42,-172,156,-36,-55,-53,83,-43,-44,No
353,y,107,66,9,-17,107,130,65,58,-269,8,-81,-49,67,-94,-52,3,75,-106,-38,13,No
354,x,85,114,100,73,-151,98,80,60,-234,204,10,-42,-163,157,-34,-53,-58,94,-32,-37,No
354,y,99,71,19,-15,101,125,57,49,-241,6,-82,-50,73,-91,-60,-3,85,-109,-48,3,No
355,x,88,110,93,69,-144,120,93,70,-287,204,6,-42,-167,176,-36,-56,-78,107,-37,-48,No
355,y,77,76,30,-4,105,99,37,28,-175,15,-76,-46,59,-76,-64,-3,74,-99,-47,8,No
356,x,157,94,68,34,-131,150,91,63,-323,185,99,53,-349,194,-32,-52,-114,142,-31,-49,No
356,y,22,74,43,23,114,41,15,9,-50,75,2,-4,-104,-39,-74,-10,57,-78,-51,-5,No
357,x,167,98,64,49,-158,136,26,-29,-170,180,19,-48,-183,195,-4,-55,-153,158,-3,-51,No
357,y,31,84,62,39,78,82,-79,-47,60,78,-95,-44,38,24,-93,-25,34,-27,-59,-9,No
358,x,174,97,55,56,-142,119,78,23,-268,154,76,1,-275,161,45,-26,-208,150,38,-30,No
358,y,28,90,61,49,59,83,-73,-73,82,97,-95,-66,51,93,-104,-66,32,30,-65,-36,No
359,x,147,111,65,42,-128,96,79,-1,-204,85,92,1,-217,68,92,4,-203,73,70,3,No
359,y,17,77,56,56,44,93,-72,-69,75,167,-65,-65,-33,173,-71,-68,-51,102,-48,-58,No
360,x,140,114,66,51,-124,104,72,9,-215,57,97,34,-230,26,97,37,-203,30,78,40,No
360,y,17,80,59,52,44,46,-55,-64,114,145,-17,-54,-63,161,-19,-47,-111,116,-7,-41,No
361,x,144,108,66,61,-114,101,63,12,-205,66,100,48,-254,23,102,58,-226,15,84,62,No
361,y,19,74,44,37,81,27,-62,-70,141,137,-16,-54,-62,160,-5,-40,-139,124,15,-26,No
362,x,144,105,68,69,-111,109,57,22,-215,63,98,78,-277,33,98,78,-244,19,69,65,No
362,y,12,76,44,35,86,22,-52,-69,134,140,18,-24,-133,153,25,-13,-195,119,43,10,No
363,x,148,104,76,76,-131,107,55,27,-211,79,90,80,-284,67,79,70,-248,38,52,53,No
363,y,14,71,39,37,86,28,-58,-69,127,131,48,26,-208,139,62,43,-272,104,67,55,No
364,x,150,109,85,76,-159,107,66,37,-230,86,91,73,-279,80,76,64,-242,52,46,46,No
364,y,16,77,36,29,101,34,-53,-69,110,137,60,37,-246,146,70,55,-301,100,67,63,No